Test_ID,Category,Condition,Trial,Metric_Name,Value,Unit,Status
EXP1_BOOT,Boot_Time,115200_Baud,1,Host_Boot_Time,46.8321999978798,ms,PASS
EXP1_BOOT,Boot_Time,MCU_DWT,1,MCU_Init_Cycles,2567,cycles,PASS
EXP1_BOOT,Boot_Time,MCU_DWT,1,MCU_Init_Time,160.4375,us,PASS
EXP1_BOOT,Boot_Time,115200_Baud,2,Host_Boot_Time,46.77319999973406,ms,PASS
EXP1_BOOT,Boot_Time,MCU_DWT,2,MCU_Init_Cycles,2567,cycles,PASS
EXP1_BOOT,Boot_Time,MCU_DWT,2,MCU_Init_Time,160.4375,us,PASS
EXP1_BOOT,Boot_Time,115200_Baud,3,Host_Boot_Time,46.845199998642784,ms,PASS
EXP1_BOOT,Boot_Time,MCU_DWT,3,MCU_Init_Cycles,2567,cycles,PASS
EXP1_BOOT,Boot_Time,MCU_DWT,3,MCU_Init_Time,160.4375,us,PASS
EXP1_BOOT,Boot_Time,115200_Baud,4,Host_Boot_Time,47.618799999327166,ms,PASS
EXP1_BOOT,Boot_Time,MCU_DWT,4,MCU_Init_Cycles,2567,cycles,PASS
EXP1_BOOT,Boot_Time,MCU_DWT,4,MCU_Init_Time,160.4375,us,PASS
EXP1_BOOT,Boot_Time,115200_Baud,5,Host_Boot_Time,48.775700000987854,ms,PASS
EXP1_BOOT,Boot_Time,MCU_DWT,5,MCU_Init_Cycles,2567,cycles,PASS
EXP1_BOOT,Boot_Time,MCU_DWT,5,MCU_Init_Time,160.4375,us,PASS
EXP1_BOOT,Boot_Time,115200_Baud,6,Host_Boot_Time,46.76549999931012,ms,PASS
EXP1_BOOT,Boot_Time,MCU_DWT,6,MCU_Init_Cycles,2567,cycles,PASS
EXP1_BOOT,Boot_Time,MCU_DWT,6,MCU_Init_Time,160.4375,us,PASS
EXP1_BOOT,Boot_Time,115200_Baud,7,Host_Boot_Time,45.35460000261082,ms,PASS
EXP1_BOOT,Boot_Time,MCU_DWT,7,MCU_Init_Cycles,2567,cycles,PASS
EXP1_BOOT,Boot_Time,MCU_DWT,7,MCU_Init_Time,160.4375,us,PASS
EXP1_BOOT,Boot_Time,115200_Baud,8,Host_Boot_Time,45.87610000089626,ms,PASS
EXP1_BOOT,Boot_Time,MCU_DWT,8,MCU_Init_Cycles,2567,cycles,PASS
EXP1_BOOT,Boot_Time,MCU_DWT,8,MCU_Init_Time,160.4375,us,PASS
EXP1_BOOT,Boot_Time,115200_Baud,9,Host_Boot_Time,46.87800000101561,ms,PASS
EXP1_BOOT,Boot_Time,MCU_DWT,9,MCU_Init_Cycles,2567,cycles,PASS
EXP1_BOOT,Boot_Time,MCU_DWT,9,MCU_Init_Time,160.4375,us,PASS
EXP1_BOOT,Boot_Time,115200_Baud,10,Host_Boot_Time,45.38659999889205,ms,PASS
EXP1_BOOT,Boot_Time,MCU_DWT,10,MCU_Init_Cycles,2567,cycles,PASS
EXP1_BOOT,Boot_Time,MCU_DWT,10,MCU_Init_Time,160.4375,us,PASS
EXP1_BOOT,Boot_Time,115200_Baud,11,Host_Boot_Time,45.1333999990311,ms,PASS
EXP1_BOOT,Boot_Time,MCU_DWT,11,MCU_Init_Cycles,2567,cycles,PASS
EXP1_BOOT,Boot_Time,MCU_DWT,11,MCU_Init_Time,160.4375,us,PASS
EXP1_BOOT,Boot_Time,115200_Baud,12,Host_Boot_Time,46.60810000132187,ms,PASS
EXP1_BOOT,Boot_Time,MCU_DWT,12,MCU_Init_Cycles,2567,cycles,PASS
EXP1_BOOT,Boot_Time,MCU_DWT,12,MCU_Init_Time,160.4375,us,PASS
EXP1_BOOT,Boot_Time,115200_Baud,13,Host_Boot_Time,46.37600000205566,ms,PASS
EXP1_BOOT,Boot_Time,MCU_DWT,13,MCU_Init_Cycles,2567,cycles,PASS
EXP1_BOOT,Boot_Time,MCU_DWT,13,MCU_Init_Time,160.4375,us,PASS
EXP1_BOOT,Boot_Time,115200_Baud,14,Host_Boot_Time,45.005700001638616,ms,PASS
EXP1_BOOT,Boot_Time,MCU_DWT,14,MCU_Init_Cycles,2567,cycles,PASS
EXP1_BOOT,Boot_Time,MCU_DWT,14,MCU_Init_Time,160.4375,us,PASS
EXP1_BOOT,Boot_Time,115200_Baud,15,Host_Boot_Time,46.22609999933047,ms,PASS
EXP1_BOOT,Boot_Time,MCU_DWT,15,MCU_Init_Cycles,2567,cycles,PASS
EXP1_BOOT,Boot_Time,MCU_DWT,15,MCU_Init_Time,160.4375,us,PASS
EXP1_BOOT,Boot_Time,115200_Baud,16,Host_Boot_Time,46.140999998897314,ms,PASS
EXP1_BOOT,Boot_Time,MCU_DWT,16,MCU_Init_Cycles,2567,cycles,PASS
EXP1_BOOT,Boot_Time,MCU_DWT,16,MCU_Init_Time,160.4375,us,PASS
EXP1_BOOT,Boot_Time,115200_Baud,17,Host_Boot_Time,46.22609999933047,ms,PASS
EXP1_BOOT,Boot_Time,MCU_DWT,17,MCU_Init_Cycles,2567,cycles,PASS
EXP1_BOOT,Boot_Time,MCU_DWT,17,MCU_Init_Time,160.4375,us,PASS
EXP1_BOOT,Boot_Time,115200_Baud,18,Host_Boot_Time,46.60839999996824,ms,PASS
EXP1_BOOT,Boot_Time,MCU_DWT,18,MCU_Init_Cycles,2567,cycles,PASS
EXP1_BOOT,Boot_Time,MCU_DWT,18,MCU_Init_Time,160.4375,us,PASS
EXP1_BOOT,Boot_Time,115200_Baud,19,Host_Boot_Time,46.08210000151303,ms,PASS
EXP1_BOOT,Boot_Time,MCU_DWT,19,MCU_Init_Cycles,2567,cycles,PASS
EXP1_BOOT,Boot_Time,MCU_DWT,19,MCU_Init_Time,160.4375,us,PASS
EXP1_BOOT,Boot_Time,115200_Baud,20,Host_Boot_Time,45.676199999434175,ms,PASS
EXP1_BOOT,Boot_Time,MCU_DWT,20,MCU_Init_Cycles,2567,cycles,PASS
EXP1_BOOT,Boot_Time,MCU_DWT,20,MCU_Init_Time,160.4375,us,PASS
EXP1_BOOT,Boot_Time,115200_Baud,21,Host_Boot_Time,47.59900000135531,ms,PASS
EXP1_BOOT,Boot_Time,MCU_DWT,21,MCU_Init_Cycles,2567,cycles,PASS
EXP1_BOOT,Boot_Time,MCU_DWT,21,MCU_Init_Time,160.4375,us,PASS
EXP1_BOOT,Boot_Time,115200_Baud,22,Host_Boot_Time,45.75449999902048,ms,PASS
EXP1_BOOT,Boot_Time,MCU_DWT,22,MCU_Init_Cycles,2567,cycles,PASS
EXP1_BOOT,Boot_Time,MCU_DWT,22,MCU_Init_Time,160.4375,us,PASS
EXP1_BOOT,Boot_Time,115200_Baud,23,Host_Boot_Time,44.839099999080645,ms,PASS
EXP1_BOOT,Boot_Time,MCU_DWT,23,MCU_Init_Cycles,2567,cycles,PASS
EXP1_BOOT,Boot_Time,MCU_DWT,23,MCU_Init_Time,160.4375,us,PASS
EXP1_BOOT,Boot_Time,115200_Baud,24,Host_Boot_Time,45.98229999828618,ms,PASS
EXP1_BOOT,Boot_Time,MCU_DWT,24,MCU_Init_Cycles,2567,cycles,PASS
EXP1_BOOT,Boot_Time,MCU_DWT,24,MCU_Init_Time,160.4375,us,PASS
EXP1_BOOT,Boot_Time,115200_Baud,25,Host_Boot_Time,45.574599997053156,ms,PASS
EXP1_BOOT,Boot_Time,MCU_DWT,25,MCU_Init_Cycles,2567,cycles,PASS
EXP1_BOOT,Boot_Time,MCU_DWT,25,MCU_Init_Time,160.4375,us,PASS
EXP1_BOOT,Boot_Time,115200_Baud,26,Host_Boot_Time,44.258000001718756,ms,PASS
EXP1_BOOT,Boot_Time,MCU_DWT,26,MCU_Init_Cycles,2567,cycles,PASS
EXP1_BOOT,Boot_Time,MCU_DWT,26,MCU_Init_Time,160.4375,us,PASS
EXP1_BOOT,Boot_Time,115200_Baud,27,Host_Boot_Time,45.952100001159124,ms,PASS
EXP1_BOOT,Boot_Time,MCU_DWT,27,MCU_Init_Cycles,2567,cycles,PASS
EXP1_BOOT,Boot_Time,MCU_DWT,27,MCU_Init_Time,160.4375,us,PASS
EXP1_BOOT,Boot_Time,115200_Baud,28,Host_Boot_Time,46.33610000018962,ms,PASS
EXP1_BOOT,Boot_Time,MCU_DWT,28,MCU_Init_Cycles,2567,cycles,PASS
EXP1_BOOT,Boot_Time,MCU_DWT,28,MCU_Init_Time,160.4375,us,PASS
EXP1_BOOT,Boot_Time,115200_Baud,29,Host_Boot_Time,46.055700000579236,ms,PASS
EXP1_BOOT,Boot_Time,MCU_DWT,29,MCU_Init_Cycles,2567,cycles,PASS
EXP1_BOOT,Boot_Time,MCU_DWT,29,MCU_Init_Time,160.4375,us,PASS
EXP1_BOOT,Boot_Time,115200_Baud,30,Host_Boot_Time,47.08770000070217,ms,PASS
EXP1_BOOT,Boot_Time,MCU_DWT,30,MCU_Init_Cycles,2567,cycles,PASS
EXP1_BOOT,Boot_Time,MCU_DWT,30,MCU_Init_Time,160.4375,us,PASS
EXP1_BOOT,Boot_Time,115200_Baud,31,Host_Boot_Time,45.2995000014198,ms,PASS
EXP1_BOOT,Boot_Time,MCU_DWT,31,MCU_Init_Cycles,2567,cycles,PASS
EXP1_BOOT,Boot_Time,MCU_DWT,31,MCU_Init_Time,160.4375,us,PASS
EXP1_BOOT,Boot_Time,115200_Baud,32,Host_Boot_Time,47.29579999911948,ms,PASS
EXP1_BOOT,Boot_Time,MCU_DWT,32,MCU_Init_Cycles,2567,cycles,PASS
EXP1_BOOT,Boot_Time,MCU_DWT,32,MCU_Init_Time,160.4375,us,PASS
EXP1_BOOT,Boot_Time,115200_Baud,33,Host_Boot_Time,47.5071000000753,ms,PASS
EXP1_BOOT,Boot_Time,MCU_DWT,33,MCU_Init_Cycles,2567,cycles,PASS
EXP1_BOOT,Boot_Time,MCU_DWT,33,MCU_Init_Time,160.4375,us,PASS
EXP1_BOOT,Boot_Time,115200_Baud,34,Host_Boot_Time,45.81580000012764,ms,PASS
EXP1_BOOT,Boot_Time,MCU_DWT,34,MCU_Init_Cycles,2567,cycles,PASS
EXP1_BOOT,Boot_Time,MCU_DWT,34,MCU_Init_Time,160.4375,us,PASS
EXP1_BOOT,Boot_Time,115200_Baud,35,Host_Boot_Time,45.47969999839552,ms,PASS
EXP1_BOOT,Boot_Time,MCU_DWT,35,MCU_Init_Cycles,2567,cycles,PASS
EXP1_BOOT,Boot_Time,MCU_DWT,35,MCU_Init_Time,160.4375,us,PASS
EXP1_BOOT,Boot_Time,115200_Baud,36,Host_Boot_Time,45.485099999496015,ms,PASS
EXP1_BOOT,Boot_Time,MCU_DWT,36,MCU_Init_Cycles,2567,cycles,PASS
EXP1_BOOT,Boot_Time,MCU_DWT,36,MCU_Init_Time,160.4375,us,PASS
EXP1_BOOT,Boot_Time,115200_Baud,37,Host_Boot_Time,45.39699999804725,ms,PASS
EXP1_BOOT,Boot_Time,MCU_DWT,37,MCU_Init_Cycles,2567,cycles,PASS
EXP1_BOOT,Boot_Time,MCU_DWT,37,MCU_Init_Time,160.4375,us,PASS
EXP1_BOOT,Boot_Time,115200_Baud,38,Host_Boot_Time,45.58290000204579,ms,PASS
EXP1_BOOT,Boot_Time,MCU_DWT,38,MCU_Init_Cycles,2567,cycles,PASS
EXP1_BOOT,Boot_Time,MCU_DWT,38,MCU_Init_Time,160.4375,us,PASS
EXP1_BOOT,Boot_Time,115200_Baud,39,Host_Boot_Time,46.34730000179843,ms,PASS
EXP1_BOOT,Boot_Time,MCU_DWT,39,MCU_Init_Cycles,2567,cycles,PASS
EXP1_BOOT,Boot_Time,MCU_DWT,39,MCU_Init_Time,160.4375,us,PASS
EXP1_BOOT,Boot_Time,115200_Baud,40,Host_Boot_Time,46.87779999949271,ms,PASS
EXP1_BOOT,Boot_Time,MCU_DWT,40,MCU_Init_Cycles,2567,cycles,PASS
EXP1_BOOT,Boot_Time,MCU_DWT,40,MCU_Init_Time,160.4375,us,PASS
EXP1_BOOT,Boot_Time,115200_Baud,41,Host_Boot_Time,46.10320000210777,ms,PASS
EXP1_BOOT,Boot_Time,MCU_DWT,41,MCU_Init_Cycles,2567,cycles,PASS
EXP1_BOOT,Boot_Time,MCU_DWT,41,MCU_Init_Time,160.4375,us,PASS
EXP1_BOOT,Boot_Time,115200_Baud,42,Host_Boot_Time,46.46199999842793,ms,PASS
EXP1_BOOT,Boot_Time,MCU_DWT,42,MCU_Init_Cycles,2567,cycles,PASS
EXP1_BOOT,Boot_Time,MCU_DWT,42,MCU_Init_Time,160.4375,us,PASS
EXP1_BOOT,Boot_Time,115200_Baud,43,Host_Boot_Time,45.56869999942137,ms,PASS
EXP1_BOOT,Boot_Time,MCU_DWT,43,MCU_Init_Cycles,2567,cycles,PASS
EXP1_BOOT,Boot_Time,MCU_DWT,43,MCU_Init_Time,160.4375,us,PASS
EXP1_BOOT,Boot_Time,115200_Baud,44,Host_Boot_Time,46.04299999846262,ms,PASS
EXP1_BOOT,Boot_Time,MCU_DWT,44,MCU_Init_Cycles,2567,cycles,PASS
EXP1_BOOT,Boot_Time,MCU_DWT,44,MCU_Init_Time,160.4375,us,PASS
EXP1_BOOT,Boot_Time,115200_Baud,45,Host_Boot_Time,46.406900000874884,ms,PASS
EXP1_BOOT,Boot_Time,MCU_DWT,45,MCU_Init_Cycles,2567,cycles,PASS
EXP1_BOOT,Boot_Time,MCU_DWT,45,MCU_Init_Time,160.4375,us,PASS
EXP1_BOOT,Boot_Time,115200_Baud,46,Host_Boot_Time,45.6025999992562,ms,PASS
EXP1_BOOT,Boot_Time,MCU_DWT,46,MCU_Init_Cycles,2567,cycles,PASS
EXP1_BOOT,Boot_Time,MCU_DWT,46,MCU_Init_Time,160.4375,us,PASS
EXP1_BOOT,Boot_Time,115200_Baud,47,Host_Boot_Time,46.77260000244132,ms,PASS
EXP1_BOOT,Boot_Time,MCU_DWT,47,MCU_Init_Cycles,2567,cycles,PASS
EXP1_BOOT,Boot_Time,MCU_DWT,47,MCU_Init_Time,160.4375,us,PASS
EXP1_BOOT,Boot_Time,115200_Baud,48,Host_Boot_Time,46.48140000062995,ms,PASS
EXP1_BOOT,Boot_Time,MCU_DWT,48,MCU_Init_Cycles,2567,cycles,PASS
EXP1_BOOT,Boot_Time,MCU_DWT,48,MCU_Init_Time,160.4375,us,PASS
EXP1_BOOT,Boot_Time,115200_Baud,49,Host_Boot_Time,46.73189999812166,ms,PASS
EXP1_BOOT,Boot_Time,MCU_DWT,49,MCU_Init_Cycles,2567,cycles,PASS
EXP1_BOOT,Boot_Time,MCU_DWT,49,MCU_Init_Time,160.4375,us,PASS
EXP1_BOOT,Boot_Time,115200_Baud,50,Host_Boot_Time,45.22939999878872,ms,PASS
EXP1_BOOT,Boot_Time,MCU_DWT,50,MCU_Init_Cycles,2567,cycles,PASS
EXP1_BOOT,Boot_Time,MCU_DWT,50,MCU_Init_Time,160.4375,us,PASS
EXP2_ERASE,Flash_Erase,Sector_3_16KB,1,Erase_Time,251.537875,ms,PASS
EXP2_ERASE,Flash_Erase,Sector_3_16KB,1,Erase_Time_Per_KB,15.7211171875,ms/KB,PASS
EXP2_ERASE,Flash_Erase,Sector_3_16KB,2,Erase_Time,252.073375,ms,PASS
EXP2_ERASE,Flash_Erase,Sector_3_16KB,2,Erase_Time_Per_KB,15.7545859375,ms/KB,PASS
EXP2_ERASE,Flash_Erase,Sector_3_16KB,3,Erase_Time,252.80956249999997,ms,PASS
EXP2_ERASE,Flash_Erase,Sector_3_16KB,3,Erase_Time_Per_KB,15.800597656249998,ms/KB,PASS
EXP2_ERASE,Flash_Erase,Sector_3_16KB,4,Erase_Time,251.79668750000002,ms,PASS
EXP2_ERASE,Flash_Erase,Sector_3_16KB,4,Erase_Time_Per_KB,15.737292968750001,ms/KB,PASS
EXP2_ERASE,Flash_Erase,Sector_3_16KB,5,Erase_Time,251.74637500000003,ms,PASS
EXP2_ERASE,Flash_Erase,Sector_3_16KB,5,Erase_Time_Per_KB,15.734148437500002,ms/KB,PASS
EXP2_ERASE,Flash_Erase,Sector_3_16KB,6,Erase_Time,251.61181249999998,ms,PASS
EXP2_ERASE,Flash_Erase,Sector_3_16KB,6,Erase_Time_Per_KB,15.725738281249999,ms/KB,PASS
EXP2_ERASE,Flash_Erase,Sector_3_16KB,7,Erase_Time,252.07756250000003,ms,PASS
EXP2_ERASE,Flash_Erase,Sector_3_16KB,7,Erase_Time_Per_KB,15.754847656250002,ms/KB,PASS
EXP2_ERASE,Flash_Erase,Sector_3_16KB,8,Erase_Time,249.9960625,ms,PASS
EXP2_ERASE,Flash_Erase,Sector_3_16KB,8,Erase_Time_Per_KB,15.62475390625,ms/KB,PASS
EXP2_ERASE,Flash_Erase,Sector_3_16KB,9,Erase_Time,256.909125,ms,PASS
EXP2_ERASE,Flash_Erase,Sector_3_16KB,9,Erase_Time_Per_KB,16.0568203125,ms/KB,PASS
EXP2_ERASE,Flash_Erase,Sector_3_16KB,10,Erase_Time,252.30281249999996,ms,PASS
EXP2_ERASE,Flash_Erase,Sector_3_16KB,10,Erase_Time_Per_KB,15.768925781249997,ms/KB,PASS
EXP2_ERASE,Flash_Erase,Sector_4_64KB,1,Erase_Time,536.0477500000001,ms,PASS
EXP2_ERASE,Flash_Erase,Sector_4_64KB,1,Erase_Time_Per_KB,8.375746093750001,ms/KB,PASS
EXP2_ERASE,Flash_Erase,Sector_4_64KB,2,Erase_Time,533.9635000000001,ms,PASS
EXP2_ERASE,Flash_Erase,Sector_4_64KB,2,Erase_Time_Per_KB,8.343179687500001,ms/KB,PASS
EXP2_ERASE,Flash_Erase,Sector_4_64KB,3,Erase_Time,535.8294375,ms,PASS
EXP2_ERASE,Flash_Erase,Sector_4_64KB,3,Erase_Time_Per_KB,8.3723349609375,ms/KB,PASS
EXP2_ERASE,Flash_Erase,Sector_4_64KB,4,Erase_Time,514.6369374999999,ms,PASS
EXP2_ERASE,Flash_Erase,Sector_4_64KB,4,Erase_Time_Per_KB,8.041202148437499,ms/KB,PASS
EXP2_ERASE,Flash_Erase,Sector_4_64KB,5,Erase_Time,535.5199375000001,ms,PASS
EXP2_ERASE,Flash_Erase,Sector_4_64KB,5,Erase_Time_Per_KB,8.367499023437501,ms/KB,PASS
EXP2_ERASE,Flash_Erase,Sector_4_64KB,6,Erase_Time,537.6073125,ms,PASS
EXP2_ERASE,Flash_Erase,Sector_4_64KB,6,Erase_Time_Per_KB,8.4001142578125,ms/KB,PASS
EXP2_ERASE,Flash_Erase,Sector_4_64KB,7,Erase_Time,534.1535625,ms,PASS
EXP2_ERASE,Flash_Erase,Sector_4_64KB,7,Erase_Time_Per_KB,8.3461494140625,ms/KB,PASS
EXP2_ERASE,Flash_Erase,Sector_4_64KB,8,Erase_Time,535.0328125,ms,PASS
EXP2_ERASE,Flash_Erase,Sector_4_64KB,8,Erase_Time_Per_KB,8.3598876953125,ms/KB,PASS
EXP2_ERASE,Flash_Erase,Sector_4_64KB,9,Erase_Time,534.4311875,ms,PASS
EXP2_ERASE,Flash_Erase,Sector_4_64KB,9,Erase_Time_Per_KB,8.3504873046875,ms/KB,PASS
EXP2_ERASE,Flash_Erase,Sector_4_64KB,10,Erase_Time,535.5915624999999,ms,PASS
EXP2_ERASE,Flash_Erase,Sector_4_64KB,10,Erase_Time_Per_KB,8.368618164062498,ms/KB,PASS
EXP2_ERASE,Flash_Erase,Sector_5_128KB,1,Erase_Time,926.6345,ms,PASS
EXP2_ERASE,Flash_Erase,Sector_5_128KB,1,Erase_Time_Per_KB,7.23933203125,ms/KB,PASS
EXP2_ERASE,Flash_Erase,Sector_5_128KB,2,Erase_Time,899.103875,ms,PASS
EXP2_ERASE,Flash_Erase,Sector_5_128KB,2,Erase_Time_Per_KB,7.0242490234375,ms/KB,PASS
EXP2_ERASE,Flash_Erase,Sector_5_128KB,3,Erase_Time,931.4591250000001,ms,PASS
EXP2_ERASE,Flash_Erase,Sector_5_128KB,3,Erase_Time_Per_KB,7.277024414062501,ms/KB,PASS
EXP2_ERASE,Flash_Erase,Sector_5_128KB,4,Erase_Time,927.4595625,ms,PASS
EXP2_ERASE,Flash_Erase,Sector_5_128KB,4,Erase_Time_Per_KB,7.24577783203125,ms/KB,PASS
EXP2_ERASE,Flash_Erase,Sector_5_128KB,5,Erase_Time,928.7585,ms,PASS
EXP2_ERASE,Flash_Erase,Sector_5_128KB,5,Erase_Time_Per_KB,7.25592578125,ms/KB,PASS
EXP2_ERASE,Flash_Erase,Sector_5_128KB,6,Erase_Time,924.5960625,ms,PASS
EXP2_ERASE,Flash_Erase,Sector_5_128KB,6,Erase_Time_Per_KB,7.22340673828125,ms/KB,PASS
EXP2_ERASE,Flash_Erase,Sector_5_128KB,7,Erase_Time,930.188,ms,PASS
EXP2_ERASE,Flash_Erase,Sector_5_128KB,7,Erase_Time_Per_KB,7.26709375,ms/KB,PASS
EXP2_ERASE,Flash_Erase,Sector_5_128KB,8,Erase_Time,927.5232500000001,ms,PASS
EXP2_ERASE,Flash_Erase,Sector_5_128KB,8,Erase_Time_Per_KB,7.246275390625001,ms/KB,PASS
EXP2_ERASE,Flash_Erase,Sector_5_128KB,9,Erase_Time,923.7206875,ms,PASS
EXP2_ERASE,Flash_Erase,Sector_5_128KB,9,Erase_Time_Per_KB,7.21656787109375,ms/KB,PASS
EXP2_ERASE,Flash_Erase,Sector_5_128KB,10,Erase_Time,924.6055625,ms,PASS
EXP2_ERASE,Flash_Erase,Sector_5_128KB,10,Erase_Time_Per_KB,7.22348095703125,ms/KB,PASS
EXP3_PROGRAM,Flash_Program,1_Word_4B,1,Program_Time,24.0,us,PASS
EXP3_PROGRAM,Flash_Program,1_Word_4B,1,Throughput,162.76041666666666,KB/s,PASS
EXP3_PROGRAM,Flash_Program,1_Word_4B,1,Time_Per_Word,24.0,us/word,PASS
EXP3_PROGRAM,Flash_Program,1_Word_4B,2,Program_Time,13.125,us,PASS
EXP3_PROGRAM,Flash_Program,1_Word_4B,2,Throughput,297.6190476190476,KB/s,PASS
EXP3_PROGRAM,Flash_Program,1_Word_4B,2,Time_Per_Word,13.125,us/word,PASS
EXP3_PROGRAM,Flash_Program,1_Word_4B,3,Program_Time,13.125,us,PASS
EXP3_PROGRAM,Flash_Program,1_Word_4B,3,Throughput,297.6190476190476,KB/s,PASS
EXP3_PROGRAM,Flash_Program,1_Word_4B,3,Time_Per_Word,13.125,us/word,PASS
EXP3_PROGRAM,Flash_Program,1_Word_4B,4,Program_Time,13.125,us,PASS
EXP3_PROGRAM,Flash_Program,1_Word_4B,4,Throughput,297.6190476190476,KB/s,PASS
EXP3_PROGRAM,Flash_Program,1_Word_4B,4,Time_Per_Word,13.125,us/word,PASS
EXP3_PROGRAM,Flash_Program,1_Word_4B,5,Program_Time,13.125,us,PASS
EXP3_PROGRAM,Flash_Program,1_Word_4B,5,Throughput,297.6190476190476,KB/s,PASS
EXP3_PROGRAM,Flash_Program,1_Word_4B,5,Time_Per_Word,13.125,us/word,PASS
EXP3_PROGRAM,Flash_Program,1_Word_4B,6,Program_Time,13.125,us,PASS
EXP3_PROGRAM,Flash_Program,1_Word_4B,6,Throughput,297.6190476190476,KB/s,PASS
EXP3_PROGRAM,Flash_Program,1_Word_4B,6,Time_Per_Word,13.125,us/word,PASS
EXP3_PROGRAM,Flash_Program,1_Word_4B,7,Program_Time,13.125,us,PASS
EXP3_PROGRAM,Flash_Program,1_Word_4B,7,Throughput,297.6190476190476,KB/s,PASS
EXP3_PROGRAM,Flash_Program,1_Word_4B,7,Time_Per_Word,13.125,us/word,PASS
EXP3_PROGRAM,Flash_Program,1_Word_4B,8,Program_Time,13.0625,us,PASS
EXP3_PROGRAM,Flash_Program,1_Word_4B,8,Throughput,299.0430622009569,KB/s,PASS
EXP3_PROGRAM,Flash_Program,1_Word_4B,8,Time_Per_Word,13.0625,us/word,PASS
EXP3_PROGRAM,Flash_Program,1_Word_4B,9,Program_Time,13.125,us,PASS
EXP3_PROGRAM,Flash_Program,1_Word_4B,9,Throughput,297.6190476190476,KB/s,PASS
EXP3_PROGRAM,Flash_Program,1_Word_4B,9,Time_Per_Word,13.125,us/word,PASS
EXP3_PROGRAM,Flash_Program,1_Word_4B,10,Program_Time,13.125,us,PASS
EXP3_PROGRAM,Flash_Program,1_Word_4B,10,Throughput,297.6190476190476,KB/s,PASS
EXP3_PROGRAM,Flash_Program,1_Word_4B,10,Time_Per_Word,13.125,us/word,PASS
EXP3_PROGRAM,Flash_Program,1_Word_4B,11,Program_Time,24.0625,us,PASS
EXP3_PROGRAM,Flash_Program,1_Word_4B,11,Throughput,162.33766233766235,KB/s,PASS
EXP3_PROGRAM,Flash_Program,1_Word_4B,11,Time_Per_Word,24.0625,us/word,PASS
EXP3_PROGRAM,Flash_Program,1_Word_4B,12,Program_Time,13.125,us,PASS
EXP3_PROGRAM,Flash_Program,1_Word_4B,12,Throughput,297.6190476190476,KB/s,PASS
EXP3_PROGRAM,Flash_Program,1_Word_4B,12,Time_Per_Word,13.125,us/word,PASS
EXP3_PROGRAM,Flash_Program,1_Word_4B,13,Program_Time,13.125,us,PASS
EXP3_PROGRAM,Flash_Program,1_Word_4B,13,Throughput,297.6190476190476,KB/s,PASS
EXP3_PROGRAM,Flash_Program,1_Word_4B,13,Time_Per_Word,13.125,us/word,PASS
EXP3_PROGRAM,Flash_Program,1_Word_4B,14,Program_Time,13.125,us,PASS
EXP3_PROGRAM,Flash_Program,1_Word_4B,14,Throughput,297.6190476190476,KB/s,PASS
EXP3_PROGRAM,Flash_Program,1_Word_4B,14,Time_Per_Word,13.125,us/word,PASS
EXP3_PROGRAM,Flash_Program,1_Word_4B,15,Program_Time,13.125,us,PASS
EXP3_PROGRAM,Flash_Program,1_Word_4B,15,Throughput,297.6190476190476,KB/s,PASS
EXP3_PROGRAM,Flash_Program,1_Word_4B,15,Time_Per_Word,13.125,us/word,PASS
EXP3_PROGRAM,Flash_Program,1_Word_4B,16,Program_Time,13.125,us,PASS
EXP3_PROGRAM,Flash_Program,1_Word_4B,16,Throughput,297.6190476190476,KB/s,PASS
EXP3_PROGRAM,Flash_Program,1_Word_4B,16,Time_Per_Word,13.125,us/word,PASS
EXP3_PROGRAM,Flash_Program,1_Word_4B,17,Program_Time,13.125,us,PASS
EXP3_PROGRAM,Flash_Program,1_Word_4B,17,Throughput,297.6190476190476,KB/s,PASS
EXP3_PROGRAM,Flash_Program,1_Word_4B,17,Time_Per_Word,13.125,us/word,PASS
EXP3_PROGRAM,Flash_Program,1_Word_4B,18,Program_Time,13.125,us,PASS
EXP3_PROGRAM,Flash_Program,1_Word_4B,18,Throughput,297.6190476190476,KB/s,PASS
EXP3_PROGRAM,Flash_Program,1_Word_4B,18,Time_Per_Word,13.125,us/word,PASS
EXP3_PROGRAM,Flash_Program,1_Word_4B,19,Program_Time,13.125,us,PASS
EXP3_PROGRAM,Flash_Program,1_Word_4B,19,Throughput,297.6190476190476,KB/s,PASS
EXP3_PROGRAM,Flash_Program,1_Word_4B,19,Time_Per_Word,13.125,us/word,PASS
EXP3_PROGRAM,Flash_Program,1_Word_4B,20,Program_Time,13.125,us,PASS
EXP3_PROGRAM,Flash_Program,1_Word_4B,20,Throughput,297.6190476190476,KB/s,PASS
EXP3_PROGRAM,Flash_Program,1_Word_4B,20,Time_Per_Word,13.125,us/word,PASS
EXP3_PROGRAM,Flash_Program,1_Word_4B,21,Program_Time,24.0625,us,PASS
EXP3_PROGRAM,Flash_Program,1_Word_4B,21,Throughput,162.33766233766235,KB/s,PASS
EXP3_PROGRAM,Flash_Program,1_Word_4B,21,Time_Per_Word,24.0625,us/word,PASS
EXP3_PROGRAM,Flash_Program,1_Word_4B,22,Program_Time,13.125,us,PASS
EXP3_PROGRAM,Flash_Program,1_Word_4B,22,Throughput,297.6190476190476,KB/s,PASS
EXP3_PROGRAM,Flash_Program,1_Word_4B,22,Time_Per_Word,13.125,us/word,PASS
EXP3_PROGRAM,Flash_Program,1_Word_4B,23,Program_Time,13.125,us,PASS
EXP3_PROGRAM,Flash_Program,1_Word_4B,23,Throughput,297.6190476190476,KB/s,PASS
EXP3_PROGRAM,Flash_Program,1_Word_4B,23,Time_Per_Word,13.125,us/word,PASS
EXP3_PROGRAM,Flash_Program,1_Word_4B,24,Program_Time,13.125,us,PASS
EXP3_PROGRAM,Flash_Program,1_Word_4B,24,Throughput,297.6190476190476,KB/s,PASS
EXP3_PROGRAM,Flash_Program,1_Word_4B,24,Time_Per_Word,13.125,us/word,PASS
EXP3_PROGRAM,Flash_Program,1_Word_4B,25,Program_Time,13.0625,us,PASS
EXP3_PROGRAM,Flash_Program,1_Word_4B,25,Throughput,299.0430622009569,KB/s,PASS
EXP3_PROGRAM,Flash_Program,1_Word_4B,25,Time_Per_Word,13.0625,us/word,PASS
EXP3_PROGRAM,Flash_Program,1_Word_4B,26,Program_Time,13.125,us,PASS
EXP3_PROGRAM,Flash_Program,1_Word_4B,26,Throughput,297.6190476190476,KB/s,PASS
EXP3_PROGRAM,Flash_Program,1_Word_4B,26,Time_Per_Word,13.125,us/word,PASS
EXP3_PROGRAM,Flash_Program,1_Word_4B,27,Program_Time,13.125,us,PASS
EXP3_PROGRAM,Flash_Program,1_Word_4B,27,Throughput,297.6190476190476,KB/s,PASS
EXP3_PROGRAM,Flash_Program,1_Word_4B,27,Time_Per_Word,13.125,us/word,PASS
EXP3_PROGRAM,Flash_Program,1_Word_4B,28,Program_Time,13.125,us,PASS
EXP3_PROGRAM,Flash_Program,1_Word_4B,28,Throughput,297.6190476190476,KB/s,PASS
EXP3_PROGRAM,Flash_Program,1_Word_4B,28,Time_Per_Word,13.125,us/word,PASS
EXP3_PROGRAM,Flash_Program,1_Word_4B,29,Program_Time,13.125,us,PASS
EXP3_PROGRAM,Flash_Program,1_Word_4B,29,Throughput,297.6190476190476,KB/s,PASS
EXP3_PROGRAM,Flash_Program,1_Word_4B,29,Time_Per_Word,13.125,us/word,PASS
EXP3_PROGRAM,Flash_Program,1_Word_4B,30,Program_Time,13.125,us,PASS
EXP3_PROGRAM,Flash_Program,1_Word_4B,30,Throughput,297.6190476190476,KB/s,PASS
EXP3_PROGRAM,Flash_Program,1_Word_4B,30,Time_Per_Word,13.125,us/word,PASS
EXP3_PROGRAM,Flash_Program,16_Words_64B,1,Program_Time,369.625,us,PASS
EXP3_PROGRAM,Flash_Program,16_Words_64B,1,Throughput,169.09029421711193,KB/s,PASS
EXP3_PROGRAM,Flash_Program,16_Words_64B,1,Time_Per_Word,23.1015625,us/word,PASS
EXP3_PROGRAM,Flash_Program,16_Words_64B,2,Program_Time,195.5625,us,PASS
EXP3_PROGRAM,Flash_Program,16_Words_64B,2,Throughput,319.59092361776925,KB/s,PASS
EXP3_PROGRAM,Flash_Program,16_Words_64B,2,Time_Per_Word,12.22265625,us/word,PASS
EXP3_PROGRAM,Flash_Program,16_Words_64B,3,Program_Time,195.6875,us,PASS
EXP3_PROGRAM,Flash_Program,16_Words_64B,3,Throughput,319.38677738741615,KB/s,PASS
EXP3_PROGRAM,Flash_Program,16_Words_64B,3,Time_Per_Word,12.23046875,us/word,PASS
EXP3_PROGRAM,Flash_Program,16_Words_64B,4,Program_Time,195.75,us,PASS
EXP3_PROGRAM,Flash_Program,16_Words_64B,4,Throughput,319.28480204342276,KB/s,PASS
EXP3_PROGRAM,Flash_Program,16_Words_64B,4,Time_Per_Word,12.234375,us/word,PASS
EXP3_PROGRAM,Flash_Program,16_Words_64B,5,Program_Time,195.8125,us,PASS
EXP3_PROGRAM,Flash_Program,16_Words_64B,5,Throughput,319.1828917969997,KB/s,PASS
EXP3_PROGRAM,Flash_Program,16_Words_64B,5,Time_Per_Word,12.23828125,us/word,PASS
EXP3_PROGRAM,Flash_Program,16_Words_64B,6,Program_Time,195.5,us,PASS
EXP3_PROGRAM,Flash_Program,16_Words_64B,6,Throughput,319.693094629156,KB/s,PASS
EXP3_PROGRAM,Flash_Program,16_Words_64B,6,Time_Per_Word,12.21875,us/word,PASS
EXP3_PROGRAM,Flash_Program,16_Words_64B,7,Program_Time,195.5,us,PASS
EXP3_PROGRAM,Flash_Program,16_Words_64B,7,Throughput,319.693094629156,KB/s,PASS
EXP3_PROGRAM,Flash_Program,16_Words_64B,7,Time_Per_Word,12.21875,us/word,PASS
EXP3_PROGRAM,Flash_Program,16_Words_64B,8,Program_Time,195.5625,us,PASS
EXP3_PROGRAM,Flash_Program,16_Words_64B,8,Throughput,319.59092361776925,KB/s,PASS
EXP3_PROGRAM,Flash_Program,16_Words_64B,8,Time_Per_Word,12.22265625,us/word,PASS
EXP3_PROGRAM,Flash_Program,16_Words_64B,9,Program_Time,195.625,us,PASS
EXP3_PROGRAM,Flash_Program,16_Words_64B,9,Throughput,319.4888178913738,KB/s,PASS
EXP3_PROGRAM,Flash_Program,16_Words_64B,9,Time_Per_Word,12.2265625,us/word,PASS
EXP3_PROGRAM,Flash_Program,16_Words_64B,10,Program_Time,195.6875,us,PASS
EXP3_PROGRAM,Flash_Program,16_Words_64B,10,Throughput,319.38677738741615,KB/s,PASS
EXP3_PROGRAM,Flash_Program,16_Words_64B,10,Time_Per_Word,12.23046875,us/word,PASS
EXP3_PROGRAM,Flash_Program,16_Words_64B,11,Program_Time,369.25,us,PASS
EXP3_PROGRAM,Flash_Program,16_Words_64B,11,Throughput,169.26201760324983,KB/s,PASS
EXP3_PROGRAM,Flash_Program,16_Words_64B,11,Time_Per_Word,23.078125,us/word,PASS
EXP3_PROGRAM,Flash_Program,16_Words_64B,12,Program_Time,195.6875,us,PASS
EXP3_PROGRAM,Flash_Program,16_Words_64B,12,Throughput,319.38677738741615,KB/s,PASS
EXP3_PROGRAM,Flash_Program,16_Words_64B,12,Time_Per_Word,12.23046875,us/word,PASS
EXP3_PROGRAM,Flash_Program,16_Words_64B,13,Program_Time,195.5625,us,PASS
EXP3_PROGRAM,Flash_Program,16_Words_64B,13,Throughput,319.59092361776925,KB/s,PASS
EXP3_PROGRAM,Flash_Program,16_Words_64B,13,Time_Per_Word,12.22265625,us/word,PASS
EXP3_PROGRAM,Flash_Program,16_Words_64B,14,Program_Time,195.6875,us,PASS
EXP3_PROGRAM,Flash_Program,16_Words_64B,14,Throughput,319.38677738741615,KB/s,PASS
EXP3_PROGRAM,Flash_Program,16_Words_64B,14,Time_Per_Word,12.23046875,us/word,PASS
EXP3_PROGRAM,Flash_Program,16_Words_64B,15,Program_Time,195.5,us,PASS
EXP3_PROGRAM,Flash_Program,16_Words_64B,15,Throughput,319.693094629156,KB/s,PASS
EXP3_PROGRAM,Flash_Program,16_Words_64B,15,Time_Per_Word,12.21875,us/word,PASS
EXP3_PROGRAM,Flash_Program,16_Words_64B,16,Program_Time,195.75,us,PASS
EXP3_PROGRAM,Flash_Program,16_Words_64B,16,Throughput,319.28480204342276,KB/s,PASS
EXP3_PROGRAM,Flash_Program,16_Words_64B,16,Time_Per_Word,12.234375,us/word,PASS
EXP3_PROGRAM,Flash_Program,16_Words_64B,17,Program_Time,195.75,us,PASS
EXP3_PROGRAM,Flash_Program,16_Words_64B,17,Throughput,319.28480204342276,KB/s,PASS
EXP3_PROGRAM,Flash_Program,16_Words_64B,17,Time_Per_Word,12.234375,us/word,PASS
EXP3_PROGRAM,Flash_Program,16_Words_64B,18,Program_Time,195.6875,us,PASS
EXP3_PROGRAM,Flash_Program,16_Words_64B,18,Throughput,319.38677738741615,KB/s,PASS
EXP3_PROGRAM,Flash_Program,16_Words_64B,18,Time_Per_Word,12.23046875,us/word,PASS
EXP3_PROGRAM,Flash_Program,16_Words_64B,19,Program_Time,195.5,us,PASS
EXP3_PROGRAM,Flash_Program,16_Words_64B,19,Throughput,319.693094629156,KB/s,PASS
EXP3_PROGRAM,Flash_Program,16_Words_64B,19,Time_Per_Word,12.21875,us/word,PASS
EXP3_PROGRAM,Flash_Program,16_Words_64B,20,Program_Time,195.75,us,PASS
EXP3_PROGRAM,Flash_Program,16_Words_64B,20,Throughput,319.28480204342276,KB/s,PASS
EXP3_PROGRAM,Flash_Program,16_Words_64B,20,Time_Per_Word,12.234375,us/word,PASS
EXP3_PROGRAM,Flash_Program,16_Words_64B,21,Program_Time,369.4375,us,PASS
EXP3_PROGRAM,Flash_Program,16_Words_64B,21,Throughput,169.1761123329386,KB/s,PASS
EXP3_PROGRAM,Flash_Program,16_Words_64B,21,Time_Per_Word,23.08984375,us/word,PASS
EXP3_PROGRAM,Flash_Program,16_Words_64B,22,Program_Time,195.75,us,PASS
EXP3_PROGRAM,Flash_Program,16_Words_64B,22,Throughput,319.28480204342276,KB/s,PASS
EXP3_PROGRAM,Flash_Program,16_Words_64B,22,Time_Per_Word,12.234375,us/word,PASS
EXP3_PROGRAM,Flash_Program,16_Words_64B,23,Program_Time,195.6875,us,PASS
EXP3_PROGRAM,Flash_Program,16_Words_64B,23,Throughput,319.38677738741615,KB/s,PASS
EXP3_PROGRAM,Flash_Program,16_Words_64B,23,Time_Per_Word,12.23046875,us/word,PASS
EXP3_PROGRAM,Flash_Program,16_Words_64B,24,Program_Time,195.5625,us,PASS
EXP3_PROGRAM,Flash_Program,16_Words_64B,24,Throughput,319.59092361776925,KB/s,PASS
EXP3_PROGRAM,Flash_Program,16_Words_64B,24,Time_Per_Word,12.22265625,us/word,PASS
EXP3_PROGRAM,Flash_Program,16_Words_64B,25,Program_Time,195.8125,us,PASS
EXP3_PROGRAM,Flash_Program,16_Words_64B,25,Throughput,319.1828917969997,KB/s,PASS
EXP3_PROGRAM,Flash_Program,16_Words_64B,25,Time_Per_Word,12.23828125,us/word,PASS
EXP3_PROGRAM,Flash_Program,16_Words_64B,26,Program_Time,195.625,us,PASS
EXP3_PROGRAM,Flash_Program,16_Words_64B,26,Throughput,319.4888178913738,KB/s,PASS
EXP3_PROGRAM,Flash_Program,16_Words_64B,26,Time_Per_Word,12.2265625,us/word,PASS
EXP3_PROGRAM,Flash_Program,16_Words_64B,27,Program_Time,195.625,us,PASS
EXP3_PROGRAM,Flash_Program,16_Words_64B,27,Throughput,319.4888178913738,KB/s,PASS
EXP3_PROGRAM,Flash_Program,16_Words_64B,27,Time_Per_Word,12.2265625,us/word,PASS
EXP3_PROGRAM,Flash_Program,16_Words_64B,28,Program_Time,195.6875,us,PASS
EXP3_PROGRAM,Flash_Program,16_Words_64B,28,Throughput,319.38677738741615,KB/s,PASS
EXP3_PROGRAM,Flash_Program,16_Words_64B,28,Time_Per_Word,12.23046875,us/word,PASS
EXP3_PROGRAM,Flash_Program,16_Words_64B,29,Program_Time,195.625,us,PASS
EXP3_PROGRAM,Flash_Program,16_Words_64B,29,Throughput,319.4888178913738,KB/s,PASS
EXP3_PROGRAM,Flash_Program,16_Words_64B,29,Time_Per_Word,12.2265625,us/word,PASS
EXP3_PROGRAM,Flash_Program,16_Words_64B,30,Program_Time,195.5,us,PASS
EXP3_PROGRAM,Flash_Program,16_Words_64B,30,Throughput,319.693094629156,KB/s,PASS
EXP3_PROGRAM,Flash_Program,16_Words_64B,30,Time_Per_Word,12.21875,us/word,PASS
EXP3_PROGRAM,Flash_Program,32_Words_128B,1,Program_Time,737.875,us,PASS
EXP3_PROGRAM,Flash_Program,32_Words_128B,1,Throughput,169.4053870913095,KB/s,PASS
EXP3_PROGRAM,Flash_Program,32_Words_128B,1,Time_Per_Word,23.05859375,us/word,PASS
EXP3_PROGRAM,Flash_Program,32_Words_128B,2,Program_Time,390.3125,us,PASS
EXP3_PROGRAM,Flash_Program,32_Words_128B,2,Throughput,320.2562049639712,KB/s,PASS
EXP3_PROGRAM,Flash_Program,32_Words_128B,2,Time_Per_Word,12.197265625,us/word,PASS
EXP3_PROGRAM,Flash_Program,32_Words_128B,3,Program_Time,390.3125,us,PASS
EXP3_PROGRAM,Flash_Program,32_Words_128B,3,Throughput,320.2562049639712,KB/s,PASS
EXP3_PROGRAM,Flash_Program,32_Words_128B,3,Time_Per_Word,12.197265625,us/word,PASS
EXP3_PROGRAM,Flash_Program,32_Words_128B,4,Program_Time,390.3125,us,PASS
EXP3_PROGRAM,Flash_Program,32_Words_128B,4,Throughput,320.2562049639712,KB/s,PASS
EXP3_PROGRAM,Flash_Program,32_Words_128B,4,Time_Per_Word,12.197265625,us/word,PASS
EXP3_PROGRAM,Flash_Program,32_Words_128B,5,Program_Time,390.25,us,PASS
EXP3_PROGRAM,Flash_Program,32_Words_128B,5,Throughput,320.30749519538756,KB/s,PASS
EXP3_PROGRAM,Flash_Program,32_Words_128B,5,Time_Per_Word,12.1953125,us/word,PASS
EXP3_PROGRAM,Flash_Program,32_Words_128B,6,Program_Time,390.4375,us,PASS
EXP3_PROGRAM,Flash_Program,32_Words_128B,6,Throughput,320.15367376340646,KB/s,PASS
EXP3_PROGRAM,Flash_Program,32_Words_128B,6,Time_Per_Word,12.201171875,us/word,PASS
EXP3_PROGRAM,Flash_Program,32_Words_128B,7,Program_Time,390.25,us,PASS
EXP3_PROGRAM,Flash_Program,32_Words_128B,7,Throughput,320.30749519538756,KB/s,PASS
EXP3_PROGRAM,Flash_Program,32_Words_128B,7,Time_Per_Word,12.1953125,us/word,PASS
EXP3_PROGRAM,Flash_Program,32_Words_128B,8,Program_Time,390.0625,us,PASS
EXP3_PROGRAM,Flash_Program,32_Words_128B,8,Throughput,320.4614645088928,KB/s,PASS
EXP3_PROGRAM,Flash_Program,32_Words_128B,8,Time_Per_Word,12.189453125,us/word,PASS
EXP3_PROGRAM,Flash_Program,32_Words_128B,9,Program_Time,390.625,us,PASS
EXP3_PROGRAM,Flash_Program,32_Words_128B,9,Throughput,320.0,KB/s,PASS
EXP3_PROGRAM,Flash_Program,32_Words_128B,9,Time_Per_Word,12.20703125,us/word,PASS
EXP3_PROGRAM,Flash_Program,32_Words_128B,10,Program_Time,390.0,us,PASS
EXP3_PROGRAM,Flash_Program,32_Words_128B,10,Throughput,320.5128205128205,KB/s,PASS
EXP3_PROGRAM,Flash_Program,32_Words_128B,10,Time_Per_Word,12.1875,us/word,PASS
EXP3_PROGRAM,Flash_Program,32_Words_128B,11,Program_Time,738.125,us,PASS
EXP3_PROGRAM,Flash_Program,32_Words_128B,11,Throughput,169.34801016088062,KB/s,PASS
EXP3_PROGRAM,Flash_Program,32_Words_128B,11,Time_Per_Word,23.06640625,us/word,PASS
EXP3_PROGRAM,Flash_Program,32_Words_128B,12,Program_Time,390.4375,us,PASS
EXP3_PROGRAM,Flash_Program,32_Words_128B,12,Throughput,320.15367376340646,KB/s,PASS
EXP3_PROGRAM,Flash_Program,32_Words_128B,12,Time_Per_Word,12.201171875,us/word,PASS
EXP3_PROGRAM,Flash_Program,32_Words_128B,13,Program_Time,390.3125,us,PASS
EXP3_PROGRAM,Flash_Program,32_Words_128B,13,Throughput,320.2562049639712,KB/s,PASS
EXP3_PROGRAM,Flash_Program,32_Words_128B,13,Time_Per_Word,12.197265625,us/word,PASS
EXP3_PROGRAM,Flash_Program,32_Words_128B,14,Program_Time,390.375,us,PASS
EXP3_PROGRAM,Flash_Program,32_Words_128B,14,Throughput,320.2049311559398,KB/s,PASS
EXP3_PROGRAM,Flash_Program,32_Words_128B,14,Time_Per_Word,12.19921875,us/word,PASS
EXP3_PROGRAM,Flash_Program,32_Words_128B,15,Program_Time,390.4375,us,PASS
EXP3_PROGRAM,Flash_Program,32_Words_128B,15,Throughput,320.15367376340646,KB/s,PASS
EXP3_PROGRAM,Flash_Program,32_Words_128B,15,Time_Per_Word,12.201171875,us/word,PASS
EXP3_PROGRAM,Flash_Program,32_Words_128B,16,Program_Time,390.1875,us,PASS
EXP3_PROGRAM,Flash_Program,32_Words_128B,16,Throughput,320.35880185808105,KB/s,PASS
EXP3_PROGRAM,Flash_Program,32_Words_128B,16,Time_Per_Word,12.193359375,us/word,PASS
EXP3_PROGRAM,Flash_Program,32_Words_128B,17,Program_Time,390.4375,us,PASS
EXP3_PROGRAM,Flash_Program,32_Words_128B,17,Throughput,320.15367376340646,KB/s,PASS
EXP3_PROGRAM,Flash_Program,32_Words_128B,17,Time_Per_Word,12.201171875,us/word,PASS
EXP3_PROGRAM,Flash_Program,32_Words_128B,18,Program_Time,390.25,us,PASS
EXP3_PROGRAM,Flash_Program,32_Words_128B,18,Throughput,320.30749519538756,KB/s,PASS
EXP3_PROGRAM,Flash_Program,32_Words_128B,18,Time_Per_Word,12.1953125,us/word,PASS
EXP3_PROGRAM,Flash_Program,32_Words_128B,19,Program_Time,390.3125,us,PASS
EXP3_PROGRAM,Flash_Program,32_Words_128B,19,Throughput,320.2562049639712,KB/s,PASS
EXP3_PROGRAM,Flash_Program,32_Words_128B,19,Time_Per_Word,12.197265625,us/word,PASS
EXP3_PROGRAM,Flash_Program,32_Words_128B,20,Program_Time,390.375,us,PASS
EXP3_PROGRAM,Flash_Program,32_Words_128B,20,Throughput,320.2049311559398,KB/s,PASS
EXP3_PROGRAM,Flash_Program,32_Words_128B,20,Time_Per_Word,12.19921875,us/word,PASS
EXP3_PROGRAM,Flash_Program,32_Words_128B,21,Program_Time,738.25,us,PASS
EXP3_PROGRAM,Flash_Program,32_Words_128B,21,Throughput,169.31933626820182,KB/s,PASS
EXP3_PROGRAM,Flash_Program,32_Words_128B,21,Time_Per_Word,23.0703125,us/word,PASS
EXP3_PROGRAM,Flash_Program,32_Words_128B,22,Program_Time,390.4375,us,PASS
EXP3_PROGRAM,Flash_Program,32_Words_128B,22,Throughput,320.15367376340646,KB/s,PASS
EXP3_PROGRAM,Flash_Program,32_Words_128B,22,Time_Per_Word,12.201171875,us/word,PASS
EXP3_PROGRAM,Flash_Program,32_Words_128B,23,Program_Time,390.0625,us,PASS
EXP3_PROGRAM,Flash_Program,32_Words_128B,23,Throughput,320.4614645088928,KB/s,PASS
EXP3_PROGRAM,Flash_Program,32_Words_128B,23,Time_Per_Word,12.189453125,us/word,PASS
EXP3_PROGRAM,Flash_Program,32_Words_128B,24,Program_Time,390.25,us,PASS
EXP3_PROGRAM,Flash_Program,32_Words_128B,24,Throughput,320.30749519538756,KB/s,PASS
EXP3_PROGRAM,Flash_Program,32_Words_128B,24,Time_Per_Word,12.1953125,us/word,PASS
EXP3_PROGRAM,Flash_Program,32_Words_128B,25,Program_Time,390.1875,us,PASS
EXP3_PROGRAM,Flash_Program,32_Words_128B,25,Throughput,320.35880185808105,KB/s,PASS
EXP3_PROGRAM,Flash_Program,32_Words_128B,25,Time_Per_Word,12.193359375,us/word,PASS
EXP3_PROGRAM,Flash_Program,32_Words_128B,26,Program_Time,390.375,us,PASS
EXP3_PROGRAM,Flash_Program,32_Words_128B,26,Throughput,320.2049311559398,KB/s,PASS
EXP3_PROGRAM,Flash_Program,32_Words_128B,26,Time_Per_Word,12.19921875,us/word,PASS
EXP3_PROGRAM,Flash_Program,32_Words_128B,27,Program_Time,390.3125,us,PASS
EXP3_PROGRAM,Flash_Program,32_Words_128B,27,Throughput,320.2562049639712,KB/s,PASS
EXP3_PROGRAM,Flash_Program,32_Words_128B,27,Time_Per_Word,12.197265625,us/word,PASS
EXP3_PROGRAM,Flash_Program,32_Words_128B,28,Program_Time,390.25,us,PASS
EXP3_PROGRAM,Flash_Program,32_Words_128B,28,Throughput,320.30749519538756,KB/s,PASS
EXP3_PROGRAM,Flash_Program,32_Words_128B,28,Time_Per_Word,12.1953125,us/word,PASS
EXP3_PROGRAM,Flash_Program,32_Words_128B,29,Program_Time,390.25,us,PASS
EXP3_PROGRAM,Flash_Program,32_Words_128B,29,Throughput,320.30749519538756,KB/s,PASS
EXP3_PROGRAM,Flash_Program,32_Words_128B,29,Time_Per_Word,12.1953125,us/word,PASS
EXP3_PROGRAM,Flash_Program,32_Words_128B,30,Program_Time,390.25,us,PASS
EXP3_PROGRAM,Flash_Program,32_Words_128B,30,Throughput,320.30749519538756,KB/s,PASS
EXP3_PROGRAM,Flash_Program,32_Words_128B,30,Time_Per_Word,12.1953125,us/word,PASS
EXP4_CRC,Hardware_CRC,32B,1,CRC_Time,63.625,us,PASS
EXP4_CRC,Hardware_CRC,32B,1,Throughput,0.47964759332023577,MB/s,PASS
EXP4_CRC,Hardware_CRC,32B,2,CRC_Time,63.625,us,PASS
EXP4_CRC,Hardware_CRC,32B,2,Throughput,0.47964759332023577,MB/s,PASS
EXP4_CRC,Hardware_CRC,32B,3,CRC_Time,63.625,us,PASS
EXP4_CRC,Hardware_CRC,32B,3,Throughput,0.47964759332023577,MB/s,PASS
EXP4_CRC,Hardware_CRC,32B,4,CRC_Time,63.625,us,PASS
EXP4_CRC,Hardware_CRC,32B,4,Throughput,0.47964759332023577,MB/s,PASS
EXP4_CRC,Hardware_CRC,32B,5,CRC_Time,63.625,us,PASS
EXP4_CRC,Hardware_CRC,32B,5,Throughput,0.47964759332023577,MB/s,PASS
EXP4_CRC,Hardware_CRC,32B,6,CRC_Time,63.625,us,PASS
EXP4_CRC,Hardware_CRC,32B,6,Throughput,0.47964759332023577,MB/s,PASS
EXP4_CRC,Hardware_CRC,32B,7,CRC_Time,63.625,us,PASS
EXP4_CRC,Hardware_CRC,32B,7,Throughput,0.47964759332023577,MB/s,PASS
EXP4_CRC,Hardware_CRC,32B,8,CRC_Time,63.625,us,PASS
EXP4_CRC,Hardware_CRC,32B,8,Throughput,0.47964759332023577,MB/s,PASS
EXP4_CRC,Hardware_CRC,32B,9,CRC_Time,63.625,us,PASS
EXP4_CRC,Hardware_CRC,32B,9,Throughput,0.47964759332023577,MB/s,PASS
EXP4_CRC,Hardware_CRC,32B,10,CRC_Time,63.625,us,PASS
EXP4_CRC,Hardware_CRC,32B,10,Throughput,0.47964759332023577,MB/s,PASS
EXP4_CRC,Hardware_CRC,32B,11,CRC_Time,63.625,us,PASS
EXP4_CRC,Hardware_CRC,32B,11,Throughput,0.47964759332023577,MB/s,PASS
EXP4_CRC,Hardware_CRC,32B,12,CRC_Time,63.625,us,PASS
EXP4_CRC,Hardware_CRC,32B,12,Throughput,0.47964759332023577,MB/s,PASS
EXP4_CRC,Hardware_CRC,32B,13,CRC_Time,63.625,us,PASS
EXP4_CRC,Hardware_CRC,32B,13,Throughput,0.47964759332023577,MB/s,PASS
EXP4_CRC,Hardware_CRC,32B,14,CRC_Time,63.625,us,PASS
EXP4_CRC,Hardware_CRC,32B,14,Throughput,0.47964759332023577,MB/s,PASS
EXP4_CRC,Hardware_CRC,32B,15,CRC_Time,63.625,us,PASS
EXP4_CRC,Hardware_CRC,32B,15,Throughput,0.47964759332023577,MB/s,PASS
EXP4_CRC,Hardware_CRC,32B,16,CRC_Time,63.625,us,PASS
EXP4_CRC,Hardware_CRC,32B,16,Throughput,0.47964759332023577,MB/s,PASS
EXP4_CRC,Hardware_CRC,32B,17,CRC_Time,63.625,us,PASS
EXP4_CRC,Hardware_CRC,32B,17,Throughput,0.47964759332023577,MB/s,PASS
EXP4_CRC,Hardware_CRC,32B,18,CRC_Time,63.625,us,PASS
EXP4_CRC,Hardware_CRC,32B,18,Throughput,0.47964759332023577,MB/s,PASS
EXP4_CRC,Hardware_CRC,32B,19,CRC_Time,63.625,us,PASS
EXP4_CRC,Hardware_CRC,32B,19,Throughput,0.47964759332023577,MB/s,PASS
EXP4_CRC,Hardware_CRC,32B,20,CRC_Time,63.625,us,PASS
EXP4_CRC,Hardware_CRC,32B,20,Throughput,0.47964759332023577,MB/s,PASS
EXP4_CRC,Hardware_CRC,32B,21,CRC_Time,63.625,us,PASS
EXP4_CRC,Hardware_CRC,32B,21,Throughput,0.47964759332023577,MB/s,PASS
EXP4_CRC,Hardware_CRC,32B,22,CRC_Time,63.625,us,PASS
EXP4_CRC,Hardware_CRC,32B,22,Throughput,0.47964759332023577,MB/s,PASS
EXP4_CRC,Hardware_CRC,32B,23,CRC_Time,63.625,us,PASS
EXP4_CRC,Hardware_CRC,32B,23,Throughput,0.47964759332023577,MB/s,PASS
EXP4_CRC,Hardware_CRC,32B,24,CRC_Time,63.625,us,PASS
EXP4_CRC,Hardware_CRC,32B,24,Throughput,0.47964759332023577,MB/s,PASS
EXP4_CRC,Hardware_CRC,32B,25,CRC_Time,63.625,us,PASS
EXP4_CRC,Hardware_CRC,32B,25,Throughput,0.47964759332023577,MB/s,PASS
EXP4_CRC,Hardware_CRC,32B,26,CRC_Time,63.625,us,PASS
EXP4_CRC,Hardware_CRC,32B,26,Throughput,0.47964759332023577,MB/s,PASS
EXP4_CRC,Hardware_CRC,32B,27,CRC_Time,63.625,us,PASS
EXP4_CRC,Hardware_CRC,32B,27,Throughput,0.47964759332023577,MB/s,PASS
EXP4_CRC,Hardware_CRC,32B,28,CRC_Time,63.625,us,PASS
EXP4_CRC,Hardware_CRC,32B,28,Throughput,0.47964759332023577,MB/s,PASS
EXP4_CRC,Hardware_CRC,32B,29,CRC_Time,63.625,us,PASS
EXP4_CRC,Hardware_CRC,32B,29,Throughput,0.47964759332023577,MB/s,PASS
EXP4_CRC,Hardware_CRC,32B,30,CRC_Time,63.625,us,PASS
EXP4_CRC,Hardware_CRC,32B,30,Throughput,0.47964759332023577,MB/s,PASS
EXP4_CRC,Hardware_CRC,64B,1,CRC_Time,123.625,us,PASS
EXP4_CRC,Hardware_CRC,64B,1,Throughput,0.49371208291203234,MB/s,PASS
EXP4_CRC,Hardware_CRC,64B,2,CRC_Time,123.625,us,PASS
EXP4_CRC,Hardware_CRC,64B,2,Throughput,0.49371208291203234,MB/s,PASS
EXP4_CRC,Hardware_CRC,64B,3,CRC_Time,123.625,us,PASS
EXP4_CRC,Hardware_CRC,64B,3,Throughput,0.49371208291203234,MB/s,PASS
EXP4_CRC,Hardware_CRC,64B,4,CRC_Time,123.625,us,PASS
EXP4_CRC,Hardware_CRC,64B,4,Throughput,0.49371208291203234,MB/s,PASS
EXP4_CRC,Hardware_CRC,64B,5,CRC_Time,123.625,us,PASS
EXP4_CRC,Hardware_CRC,64B,5,Throughput,0.49371208291203234,MB/s,PASS
EXP4_CRC,Hardware_CRC,64B,6,CRC_Time,123.625,us,PASS
EXP4_CRC,Hardware_CRC,64B,6,Throughput,0.49371208291203234,MB/s,PASS
EXP4_CRC,Hardware_CRC,64B,7,CRC_Time,123.625,us,PASS
EXP4_CRC,Hardware_CRC,64B,7,Throughput,0.49371208291203234,MB/s,PASS
EXP4_CRC,Hardware_CRC,64B,8,CRC_Time,123.625,us,PASS
EXP4_CRC,Hardware_CRC,64B,8,Throughput,0.49371208291203234,MB/s,PASS
EXP4_CRC,Hardware_CRC,64B,9,CRC_Time,123.625,us,PASS
EXP4_CRC,Hardware_CRC,64B,9,Throughput,0.49371208291203234,MB/s,PASS
EXP4_CRC,Hardware_CRC,64B,10,CRC_Time,123.625,us,PASS
EXP4_CRC,Hardware_CRC,64B,10,Throughput,0.49371208291203234,MB/s,PASS
EXP4_CRC,Hardware_CRC,64B,11,CRC_Time,123.625,us,PASS
EXP4_CRC,Hardware_CRC,64B,11,Throughput,0.49371208291203234,MB/s,PASS
EXP4_CRC,Hardware_CRC,64B,12,CRC_Time,123.625,us,PASS
EXP4_CRC,Hardware_CRC,64B,12,Throughput,0.49371208291203234,MB/s,PASS
EXP4_CRC,Hardware_CRC,64B,13,CRC_Time,123.625,us,PASS
EXP4_CRC,Hardware_CRC,64B,13,Throughput,0.49371208291203234,MB/s,PASS
EXP4_CRC,Hardware_CRC,64B,14,CRC_Time,123.625,us,PASS
EXP4_CRC,Hardware_CRC,64B,14,Throughput,0.49371208291203234,MB/s,PASS
EXP4_CRC,Hardware_CRC,64B,15,CRC_Time,123.625,us,PASS
EXP4_CRC,Hardware_CRC,64B,15,Throughput,0.49371208291203234,MB/s,PASS
EXP4_CRC,Hardware_CRC,64B,16,CRC_Time,123.625,us,PASS
EXP4_CRC,Hardware_CRC,64B,16,Throughput,0.49371208291203234,MB/s,PASS
EXP4_CRC,Hardware_CRC,64B,17,CRC_Time,123.625,us,PASS
EXP4_CRC,Hardware_CRC,64B,17,Throughput,0.49371208291203234,MB/s,PASS
EXP4_CRC,Hardware_CRC,64B,18,CRC_Time,123.625,us,PASS
EXP4_CRC,Hardware_CRC,64B,18,Throughput,0.49371208291203234,MB/s,PASS
EXP4_CRC,Hardware_CRC,64B,19,CRC_Time,123.625,us,PASS
EXP4_CRC,Hardware_CRC,64B,19,Throughput,0.49371208291203234,MB/s,PASS
EXP4_CRC,Hardware_CRC,64B,20,CRC_Time,123.625,us,PASS
EXP4_CRC,Hardware_CRC,64B,20,Throughput,0.49371208291203234,MB/s,PASS
EXP4_CRC,Hardware_CRC,64B,21,CRC_Time,123.625,us,PASS
EXP4_CRC,Hardware_CRC,64B,21,Throughput,0.49371208291203234,MB/s,PASS
EXP4_CRC,Hardware_CRC,64B,22,CRC_Time,123.625,us,PASS
EXP4_CRC,Hardware_CRC,64B,22,Throughput,0.49371208291203234,MB/s,PASS
EXP4_CRC,Hardware_CRC,64B,23,CRC_Time,123.625,us,PASS
EXP4_CRC,Hardware_CRC,64B,23,Throughput,0.49371208291203234,MB/s,PASS
EXP4_CRC,Hardware_CRC,64B,24,CRC_Time,123.625,us,PASS
EXP4_CRC,Hardware_CRC,64B,24,Throughput,0.49371208291203234,MB/s,PASS
EXP4_CRC,Hardware_CRC,64B,25,CRC_Time,123.625,us,PASS
EXP4_CRC,Hardware_CRC,64B,25,Throughput,0.49371208291203234,MB/s,PASS
EXP4_CRC,Hardware_CRC,64B,26,CRC_Time,123.625,us,PASS
EXP4_CRC,Hardware_CRC,64B,26,Throughput,0.49371208291203234,MB/s,PASS
EXP4_CRC,Hardware_CRC,64B,27,CRC_Time,123.625,us,PASS
EXP4_CRC,Hardware_CRC,64B,27,Throughput,0.49371208291203234,MB/s,PASS
EXP4_CRC,Hardware_CRC,64B,28,CRC_Time,123.625,us,PASS
EXP4_CRC,Hardware_CRC,64B,28,Throughput,0.49371208291203234,MB/s,PASS
EXP4_CRC,Hardware_CRC,64B,29,CRC_Time,123.625,us,PASS
EXP4_CRC,Hardware_CRC,64B,29,Throughput,0.49371208291203234,MB/s,PASS
EXP4_CRC,Hardware_CRC,64B,30,CRC_Time,123.625,us,PASS
EXP4_CRC,Hardware_CRC,64B,30,Throughput,0.49371208291203234,MB/s,PASS
EXP4_CRC,Hardware_CRC,128B,1,CRC_Time,243.625,us,PASS
EXP4_CRC,Hardware_CRC,128B,1,Throughput,0.5010582349923037,MB/s,PASS
EXP4_CRC,Hardware_CRC,128B,2,CRC_Time,243.625,us,PASS
EXP4_CRC,Hardware_CRC,128B,2,Throughput,0.5010582349923037,MB/s,PASS
EXP4_CRC,Hardware_CRC,128B,3,CRC_Time,243.625,us,PASS
EXP4_CRC,Hardware_CRC,128B,3,Throughput,0.5010582349923037,MB/s,PASS
EXP4_CRC,Hardware_CRC,128B,4,CRC_Time,243.625,us,PASS
EXP4_CRC,Hardware_CRC,128B,4,Throughput,0.5010582349923037,MB/s,PASS
EXP4_CRC,Hardware_CRC,128B,5,CRC_Time,243.625,us,PASS
EXP4_CRC,Hardware_CRC,128B,5,Throughput,0.5010582349923037,MB/s,PASS
EXP4_CRC,Hardware_CRC,128B,6,CRC_Time,243.625,us,PASS
EXP4_CRC,Hardware_CRC,128B,6,Throughput,0.5010582349923037,MB/s,PASS
EXP4_CRC,Hardware_CRC,128B,7,CRC_Time,243.625,us,PASS
EXP4_CRC,Hardware_CRC,128B,7,Throughput,0.5010582349923037,MB/s,PASS
EXP4_CRC,Hardware_CRC,128B,8,CRC_Time,243.625,us,PASS
EXP4_CRC,Hardware_CRC,128B,8,Throughput,0.5010582349923037,MB/s,PASS
EXP4_CRC,Hardware_CRC,128B,9,CRC_Time,243.625,us,PASS
EXP4_CRC,Hardware_CRC,128B,9,Throughput,0.5010582349923037,MB/s,PASS
EXP4_CRC,Hardware_CRC,128B,10,CRC_Time,243.625,us,PASS
EXP4_CRC,Hardware_CRC,128B,10,Throughput,0.5010582349923037,MB/s,PASS
EXP4_CRC,Hardware_CRC,128B,11,CRC_Time,243.625,us,PASS
EXP4_CRC,Hardware_CRC,128B,11,Throughput,0.5010582349923037,MB/s,PASS
EXP4_CRC,Hardware_CRC,128B,12,CRC_Time,243.625,us,PASS
EXP4_CRC,Hardware_CRC,128B,12,Throughput,0.5010582349923037,MB/s,PASS
EXP4_CRC,Hardware_CRC,128B,13,CRC_Time,243.625,us,PASS
EXP4_CRC,Hardware_CRC,128B,13,Throughput,0.5010582349923037,MB/s,PASS
EXP4_CRC,Hardware_CRC,128B,14,CRC_Time,243.625,us,PASS
EXP4_CRC,Hardware_CRC,128B,14,Throughput,0.5010582349923037,MB/s,PASS
EXP4_CRC,Hardware_CRC,128B,15,CRC_Time,243.625,us,PASS
EXP4_CRC,Hardware_CRC,128B,15,Throughput,0.5010582349923037,MB/s,PASS
EXP4_CRC,Hardware_CRC,128B,16,CRC_Time,243.625,us,PASS
EXP4_CRC,Hardware_CRC,128B,16,Throughput,0.5010582349923037,MB/s,PASS
EXP4_CRC,Hardware_CRC,128B,17,CRC_Time,243.625,us,PASS
EXP4_CRC,Hardware_CRC,128B,17,Throughput,0.5010582349923037,MB/s,PASS
EXP4_CRC,Hardware_CRC,128B,18,CRC_Time,243.625,us,PASS
EXP4_CRC,Hardware_CRC,128B,18,Throughput,0.5010582349923037,MB/s,PASS
EXP4_CRC,Hardware_CRC,128B,19,CRC_Time,243.625,us,PASS
EXP4_CRC,Hardware_CRC,128B,19,Throughput,0.5010582349923037,MB/s,PASS
EXP4_CRC,Hardware_CRC,128B,20,CRC_Time,243.625,us,PASS
EXP4_CRC,Hardware_CRC,128B,20,Throughput,0.5010582349923037,MB/s,PASS
EXP4_CRC,Hardware_CRC,128B,21,CRC_Time,243.625,us,PASS
EXP4_CRC,Hardware_CRC,128B,21,Throughput,0.5010582349923037,MB/s,PASS
EXP4_CRC,Hardware_CRC,128B,22,CRC_Time,243.625,us,PASS
EXP4_CRC,Hardware_CRC,128B,22,Throughput,0.5010582349923037,MB/s,PASS
EXP4_CRC,Hardware_CRC,128B,23,CRC_Time,243.625,us,PASS
EXP4_CRC,Hardware_CRC,128B,23,Throughput,0.5010582349923037,MB/s,PASS
EXP4_CRC,Hardware_CRC,128B,24,CRC_Time,243.625,us,PASS
EXP4_CRC,Hardware_CRC,128B,24,Throughput,0.5010582349923037,MB/s,PASS
EXP4_CRC,Hardware_CRC,128B,25,CRC_Time,243.625,us,PASS
EXP4_CRC,Hardware_CRC,128B,25,Throughput,0.5010582349923037,MB/s,PASS
EXP4_CRC,Hardware_CRC,128B,26,CRC_Time,243.625,us,PASS
EXP4_CRC,Hardware_CRC,128B,26,Throughput,0.5010582349923037,MB/s,PASS
EXP4_CRC,Hardware_CRC,128B,27,CRC_Time,243.625,us,PASS
EXP4_CRC,Hardware_CRC,128B,27,Throughput,0.5010582349923037,MB/s,PASS
EXP4_CRC,Hardware_CRC,128B,28,CRC_Time,243.625,us,PASS
EXP4_CRC,Hardware_CRC,128B,28,Throughput,0.5010582349923037,MB/s,PASS
EXP4_CRC,Hardware_CRC,128B,29,CRC_Time,243.625,us,PASS
EXP4_CRC,Hardware_CRC,128B,29,Throughput,0.5010582349923037,MB/s,PASS
EXP4_CRC,Hardware_CRC,128B,30,CRC_Time,243.625,us,PASS
EXP4_CRC,Hardware_CRC,128B,30,Throughput,0.5010582349923037,MB/s,PASS
EXP4_CRC,Hardware_CRC,256B,1,CRC_Time,483.625,us,PASS
EXP4_CRC,Hardware_CRC,256B,1,Throughput,0.5048139054019126,MB/s,PASS
EXP4_CRC,Hardware_CRC,256B,2,CRC_Time,483.625,us,PASS
EXP4_CRC,Hardware_CRC,256B,2,Throughput,0.5048139054019126,MB/s,PASS
EXP4_CRC,Hardware_CRC,256B,3,CRC_Time,483.625,us,PASS
EXP4_CRC,Hardware_CRC,256B,3,Throughput,0.5048139054019126,MB/s,PASS
EXP4_CRC,Hardware_CRC,256B,4,CRC_Time,483.625,us,PASS
EXP4_CRC,Hardware_CRC,256B,4,Throughput,0.5048139054019126,MB/s,PASS
EXP4_CRC,Hardware_CRC,256B,5,CRC_Time,483.625,us,PASS
EXP4_CRC,Hardware_CRC,256B,5,Throughput,0.5048139054019126,MB/s,PASS
EXP4_CRC,Hardware_CRC,256B,6,CRC_Time,483.625,us,PASS
EXP4_CRC,Hardware_CRC,256B,6,Throughput,0.5048139054019126,MB/s,PASS
EXP4_CRC,Hardware_CRC,256B,7,CRC_Time,483.625,us,PASS
EXP4_CRC,Hardware_CRC,256B,7,Throughput,0.5048139054019126,MB/s,PASS
EXP4_CRC,Hardware_CRC,256B,8,CRC_Time,483.625,us,PASS
EXP4_CRC,Hardware_CRC,256B,8,Throughput,0.5048139054019126,MB/s,PASS
EXP4_CRC,Hardware_CRC,256B,9,CRC_Time,483.625,us,PASS
EXP4_CRC,Hardware_CRC,256B,9,Throughput,0.5048139054019126,MB/s,PASS
EXP4_CRC,Hardware_CRC,256B,10,CRC_Time,483.625,us,PASS
EXP4_CRC,Hardware_CRC,256B,10,Throughput,0.5048139054019126,MB/s,PASS
EXP4_CRC,Hardware_CRC,256B,11,CRC_Time,483.625,us,PASS
EXP4_CRC,Hardware_CRC,256B,11,Throughput,0.5048139054019126,MB/s,PASS
EXP4_CRC,Hardware_CRC,256B,12,CRC_Time,483.625,us,PASS
EXP4_CRC,Hardware_CRC,256B,12,Throughput,0.5048139054019126,MB/s,PASS
EXP4_CRC,Hardware_CRC,256B,13,CRC_Time,483.625,us,PASS
EXP4_CRC,Hardware_CRC,256B,13,Throughput,0.5048139054019126,MB/s,PASS
EXP4_CRC,Hardware_CRC,256B,14,CRC_Time,483.625,us,PASS
EXP4_CRC,Hardware_CRC,256B,14,Throughput,0.5048139054019126,MB/s,PASS
EXP4_CRC,Hardware_CRC,256B,15,CRC_Time,483.625,us,PASS
EXP4_CRC,Hardware_CRC,256B,15,Throughput,0.5048139054019126,MB/s,PASS
EXP4_CRC,Hardware_CRC,256B,16,CRC_Time,483.625,us,PASS
EXP4_CRC,Hardware_CRC,256B,16,Throughput,0.5048139054019126,MB/s,PASS
EXP4_CRC,Hardware_CRC,256B,17,CRC_Time,483.625,us,PASS
EXP4_CRC,Hardware_CRC,256B,17,Throughput,0.5048139054019126,MB/s,PASS
EXP4_CRC,Hardware_CRC,256B,18,CRC_Time,483.625,us,PASS
EXP4_CRC,Hardware_CRC,256B,18,Throughput,0.5048139054019126,MB/s,PASS
EXP4_CRC,Hardware_CRC,256B,19,CRC_Time,483.625,us,PASS
EXP4_CRC,Hardware_CRC,256B,19,Throughput,0.5048139054019126,MB/s,PASS
EXP4_CRC,Hardware_CRC,256B,20,CRC_Time,483.625,us,PASS
EXP4_CRC,Hardware_CRC,256B,20,Throughput,0.5048139054019126,MB/s,PASS
EXP4_CRC,Hardware_CRC,256B,21,CRC_Time,483.625,us,PASS
EXP4_CRC,Hardware_CRC,256B,21,Throughput,0.5048139054019126,MB/s,PASS
EXP4_CRC,Hardware_CRC,256B,22,CRC_Time,483.625,us,PASS
EXP4_CRC,Hardware_CRC,256B,22,Throughput,0.5048139054019126,MB/s,PASS
EXP4_CRC,Hardware_CRC,256B,23,CRC_Time,483.625,us,PASS
EXP4_CRC,Hardware_CRC,256B,23,Throughput,0.5048139054019126,MB/s,PASS
EXP4_CRC,Hardware_CRC,256B,24,CRC_Time,483.625,us,PASS
EXP4_CRC,Hardware_CRC,256B,24,Throughput,0.5048139054019126,MB/s,PASS
EXP4_CRC,Hardware_CRC,256B,25,CRC_Time,483.625,us,PASS
EXP4_CRC,Hardware_CRC,256B,25,Throughput,0.5048139054019126,MB/s,PASS
EXP4_CRC,Hardware_CRC,256B,26,CRC_Time,483.625,us,PASS
EXP4_CRC,Hardware_CRC,256B,26,Throughput,0.5048139054019126,MB/s,PASS
EXP4_CRC,Hardware_CRC,256B,27,CRC_Time,483.625,us,PASS
EXP4_CRC,Hardware_CRC,256B,27,Throughput,0.5048139054019126,MB/s,PASS
EXP4_CRC,Hardware_CRC,256B,28,CRC_Time,483.625,us,PASS
EXP4_CRC,Hardware_CRC,256B,28,Throughput,0.5048139054019126,MB/s,PASS
EXP4_CRC,Hardware_CRC,256B,29,CRC_Time,483.625,us,PASS
EXP4_CRC,Hardware_CRC,256B,29,Throughput,0.5048139054019126,MB/s,PASS
EXP4_CRC,Hardware_CRC,256B,30,CRC_Time,483.625,us,PASS
EXP4_CRC,Hardware_CRC,256B,30,Throughput,0.5048139054019126,MB/s,PASS
EXP4_CRC,Hardware_CRC,1024B,1,CRC_Time,1923.625,us,PASS
EXP4_CRC,Hardware_CRC,1024B,1,Throughput,0.5076678146728183,MB/s,PASS
EXP4_CRC,Hardware_CRC,1024B,2,CRC_Time,1923.625,us,PASS
EXP4_CRC,Hardware_CRC,1024B,2,Throughput,0.5076678146728183,MB/s,PASS
EXP4_CRC,Hardware_CRC,1024B,3,CRC_Time,1923.625,us,PASS
EXP4_CRC,Hardware_CRC,1024B,3,Throughput,0.5076678146728183,MB/s,PASS
EXP4_CRC,Hardware_CRC,1024B,4,CRC_Time,1923.625,us,PASS
EXP4_CRC,Hardware_CRC,1024B,4,Throughput,0.5076678146728183,MB/s,PASS
EXP4_CRC,Hardware_CRC,1024B,5,CRC_Time,1923.625,us,PASS
EXP4_CRC,Hardware_CRC,1024B,5,Throughput,0.5076678146728183,MB/s,PASS
EXP4_CRC,Hardware_CRC,1024B,6,CRC_Time,1923.625,us,PASS
EXP4_CRC,Hardware_CRC,1024B,6,Throughput,0.5076678146728183,MB/s,PASS
EXP4_CRC,Hardware_CRC,1024B,7,CRC_Time,1923.625,us,PASS
EXP4_CRC,Hardware_CRC,1024B,7,Throughput,0.5076678146728183,MB/s,PASS
EXP4_CRC,Hardware_CRC,1024B,8,CRC_Time,1923.625,us,PASS
EXP4_CRC,Hardware_CRC,1024B,8,Throughput,0.5076678146728183,MB/s,PASS
EXP4_CRC,Hardware_CRC,1024B,9,CRC_Time,1923.625,us,PASS
EXP4_CRC,Hardware_CRC,1024B,9,Throughput,0.5076678146728183,MB/s,PASS
EXP4_CRC,Hardware_CRC,1024B,10,CRC_Time,1923.625,us,PASS
EXP4_CRC,Hardware_CRC,1024B,10,Throughput,0.5076678146728183,MB/s,PASS
EXP4_CRC,Hardware_CRC,1024B,11,CRC_Time,1923.625,us,PASS
EXP4_CRC,Hardware_CRC,1024B,11,Throughput,0.5076678146728183,MB/s,PASS
EXP4_CRC,Hardware_CRC,1024B,12,CRC_Time,1923.625,us,PASS
EXP4_CRC,Hardware_CRC,1024B,12,Throughput,0.5076678146728183,MB/s,PASS
EXP4_CRC,Hardware_CRC,1024B,13,CRC_Time,1923.625,us,PASS
EXP4_CRC,Hardware_CRC,1024B,13,Throughput,0.5076678146728183,MB/s,PASS
EXP4_CRC,Hardware_CRC,1024B,14,CRC_Time,1923.625,us,PASS
EXP4_CRC,Hardware_CRC,1024B,14,Throughput,0.5076678146728183,MB/s,PASS
EXP4_CRC,Hardware_CRC,1024B,15,CRC_Time,1923.625,us,PASS
EXP4_CRC,Hardware_CRC,1024B,15,Throughput,0.5076678146728183,MB/s,PASS
EXP4_CRC,Hardware_CRC,1024B,16,CRC_Time,1923.625,us,PASS
EXP4_CRC,Hardware_CRC,1024B,16,Throughput,0.5076678146728183,MB/s,PASS
EXP4_CRC,Hardware_CRC,1024B,17,CRC_Time,1923.625,us,PASS
EXP4_CRC,Hardware_CRC,1024B,17,Throughput,0.5076678146728183,MB/s,PASS
EXP4_CRC,Hardware_CRC,1024B,18,CRC_Time,1923.625,us,PASS
EXP4_CRC,Hardware_CRC,1024B,18,Throughput,0.5076678146728183,MB/s,PASS
EXP4_CRC,Hardware_CRC,1024B,19,CRC_Time,1923.625,us,PASS
EXP4_CRC,Hardware_CRC,1024B,19,Throughput,0.5076678146728183,MB/s,PASS
EXP4_CRC,Hardware_CRC,1024B,20,CRC_Time,1923.625,us,PASS
EXP4_CRC,Hardware_CRC,1024B,20,Throughput,0.5076678146728183,MB/s,PASS
EXP4_CRC,Hardware_CRC,1024B,21,CRC_Time,1923.625,us,PASS
EXP4_CRC,Hardware_CRC,1024B,21,Throughput,0.5076678146728183,MB/s,PASS
EXP4_CRC,Hardware_CRC,1024B,22,CRC_Time,1923.625,us,PASS
EXP4_CRC,Hardware_CRC,1024B,22,Throughput,0.5076678146728183,MB/s,PASS
EXP4_CRC,Hardware_CRC,1024B,23,CRC_Time,1923.625,us,PASS
EXP4_CRC,Hardware_CRC,1024B,23,Throughput,0.5076678146728183,MB/s,PASS
EXP4_CRC,Hardware_CRC,1024B,24,CRC_Time,1923.625,us,PASS
EXP4_CRC,Hardware_CRC,1024B,24,Throughput,0.5076678146728183,MB/s,PASS
EXP4_CRC,Hardware_CRC,1024B,25,CRC_Time,1923.625,us,PASS
EXP4_CRC,Hardware_CRC,1024B,25,Throughput,0.5076678146728183,MB/s,PASS
EXP4_CRC,Hardware_CRC,1024B,26,CRC_Time,1923.625,us,PASS
EXP4_CRC,Hardware_CRC,1024B,26,Throughput,0.5076678146728183,MB/s,PASS
EXP4_CRC,Hardware_CRC,1024B,27,CRC_Time,1923.625,us,PASS
EXP4_CRC,Hardware_CRC,1024B,27,Throughput,0.5076678146728183,MB/s,PASS
EXP4_CRC,Hardware_CRC,1024B,28,CRC_Time,1923.625,us,PASS
EXP4_CRC,Hardware_CRC,1024B,28,Throughput,0.5076678146728183,MB/s,PASS
EXP4_CRC,Hardware_CRC,1024B,29,CRC_Time,1923.625,us,PASS
EXP4_CRC,Hardware_CRC,1024B,29,Throughput,0.5076678146728183,MB/s,PASS
EXP4_CRC,Hardware_CRC,1024B,30,CRC_Time,1923.625,us,PASS
EXP4_CRC,Hardware_CRC,1024B,30,Throughput,0.5076678146728183,MB/s,PASS
EXP4_CRC,Hardware_CRC,4096B,1,CRC_Time,7683.625,us,PASS
EXP4_CRC,Hardware_CRC,4096B,1,Throughput,0.5083863410824968,MB/s,PASS
EXP4_CRC,Hardware_CRC,4096B,2,CRC_Time,7683.625,us,PASS
EXP4_CRC,Hardware_CRC,4096B,2,Throughput,0.5083863410824968,MB/s,PASS
EXP4_CRC,Hardware_CRC,4096B,3,CRC_Time,7683.625,us,PASS
EXP4_CRC,Hardware_CRC,4096B,3,Throughput,0.5083863410824968,MB/s,PASS
EXP4_CRC,Hardware_CRC,4096B,4,CRC_Time,7683.625,us,PASS
EXP4_CRC,Hardware_CRC,4096B,4,Throughput,0.5083863410824968,MB/s,PASS
EXP4_CRC,Hardware_CRC,4096B,5,CRC_Time,7683.625,us,PASS
EXP4_CRC,Hardware_CRC,4096B,5,Throughput,0.5083863410824968,MB/s,PASS
EXP4_CRC,Hardware_CRC,4096B,6,CRC_Time,7683.625,us,PASS
EXP4_CRC,Hardware_CRC,4096B,6,Throughput,0.5083863410824968,MB/s,PASS
EXP4_CRC,Hardware_CRC,4096B,7,CRC_Time,7683.625,us,PASS
EXP4_CRC,Hardware_CRC,4096B,7,Throughput,0.5083863410824968,MB/s,PASS
EXP4_CRC,Hardware_CRC,4096B,8,CRC_Time,7683.625,us,PASS
EXP4_CRC,Hardware_CRC,4096B,8,Throughput,0.5083863410824968,MB/s,PASS
EXP4_CRC,Hardware_CRC,4096B,9,CRC_Time,7683.625,us,PASS
EXP4_CRC,Hardware_CRC,4096B,9,Throughput,0.5083863410824968,MB/s,PASS
EXP4_CRC,Hardware_CRC,4096B,10,CRC_Time,7683.625,us,PASS
EXP4_CRC,Hardware_CRC,4096B,10,Throughput,0.5083863410824968,MB/s,PASS
EXP4_CRC,Hardware_CRC,4096B,11,CRC_Time,7683.625,us,PASS
EXP4_CRC,Hardware_CRC,4096B,11,Throughput,0.5083863410824968,MB/s,PASS
EXP4_CRC,Hardware_CRC,4096B,12,CRC_Time,7683.625,us,PASS
EXP4_CRC,Hardware_CRC,4096B,12,Throughput,0.5083863410824968,MB/s,PASS
EXP4_CRC,Hardware_CRC,4096B,13,CRC_Time,7683.625,us,PASS
EXP4_CRC,Hardware_CRC,4096B,13,Throughput,0.5083863410824968,MB/s,PASS
EXP4_CRC,Hardware_CRC,4096B,14,CRC_Time,7683.625,us,PASS
EXP4_CRC,Hardware_CRC,4096B,14,Throughput,0.5083863410824968,MB/s,PASS
EXP4_CRC,Hardware_CRC,4096B,15,CRC_Time,7683.625,us,PASS
EXP4_CRC,Hardware_CRC,4096B,15,Throughput,0.5083863410824968,MB/s,PASS
EXP4_CRC,Hardware_CRC,4096B,16,CRC_Time,7683.625,us,PASS
EXP4_CRC,Hardware_CRC,4096B,16,Throughput,0.5083863410824968,MB/s,PASS
EXP4_CRC,Hardware_CRC,4096B,17,CRC_Time,7683.625,us,PASS
EXP4_CRC,Hardware_CRC,4096B,17,Throughput,0.5083863410824968,MB/s,PASS
EXP4_CRC,Hardware_CRC,4096B,18,CRC_Time,7683.625,us,PASS
EXP4_CRC,Hardware_CRC,4096B,18,Throughput,0.5083863410824968,MB/s,PASS
EXP4_CRC,Hardware_CRC,4096B,19,CRC_Time,7683.625,us,PASS
EXP4_CRC,Hardware_CRC,4096B,19,Throughput,0.5083863410824968,MB/s,PASS
EXP4_CRC,Hardware_CRC,4096B,20,CRC_Time,7683.625,us,PASS
EXP4_CRC,Hardware_CRC,4096B,20,Throughput,0.5083863410824968,MB/s,PASS
EXP4_CRC,Hardware_CRC,4096B,21,CRC_Time,7683.625,us,PASS
EXP4_CRC,Hardware_CRC,4096B,21,Throughput,0.5083863410824968,MB/s,PASS
EXP4_CRC,Hardware_CRC,4096B,22,CRC_Time,7683.625,us,PASS
EXP4_CRC,Hardware_CRC,4096B,22,Throughput,0.5083863410824968,MB/s,PASS
EXP4_CRC,Hardware_CRC,4096B,23,CRC_Time,7683.625,us,PASS
EXP4_CRC,Hardware_CRC,4096B,23,Throughput,0.5083863410824968,MB/s,PASS
EXP4_CRC,Hardware_CRC,4096B,24,CRC_Time,7683.625,us,PASS
EXP4_CRC,Hardware_CRC,4096B,24,Throughput,0.5083863410824968,MB/s,PASS
EXP4_CRC,Hardware_CRC,4096B,25,CRC_Time,7683.625,us,PASS
EXP4_CRC,Hardware_CRC,4096B,25,Throughput,0.5083863410824968,MB/s,PASS
EXP4_CRC,Hardware_CRC,4096B,26,CRC_Time,7683.625,us,PASS
EXP4_CRC,Hardware_CRC,4096B,26,Throughput,0.5083863410824968,MB/s,PASS
EXP4_CRC,Hardware_CRC,4096B,27,CRC_Time,7683.625,us,PASS
EXP4_CRC,Hardware_CRC,4096B,27,Throughput,0.5083863410824968,MB/s,PASS
EXP4_CRC,Hardware_CRC,4096B,28,CRC_Time,7683.625,us,PASS
EXP4_CRC,Hardware_CRC,4096B,28,Throughput,0.5083863410824968,MB/s,PASS
EXP4_CRC,Hardware_CRC,4096B,29,CRC_Time,7683.625,us,PASS
EXP4_CRC,Hardware_CRC,4096B,29,Throughput,0.5083863410824968,MB/s,PASS
EXP4_CRC,Hardware_CRC,4096B,30,CRC_Time,7683.625,us,PASS
EXP4_CRC,Hardware_CRC,4096B,30,Throughput,0.5083863410824968,MB/s,PASS
EXP5_BAUD,Multi_Baud_Update,115200_Baud,1,Total_Update_Time,0.9216827999989619,s,PASS
EXP5_BAUD,Multi_Baud_Update,115200_Baud,1,Comm_Write_Time,0.1374221000005491,s,PASS
EXP5_BAUD,Multi_Baud_Update,115200_Baud,1,E2E_Throughput,1002.5140970418898,B/s,PASS
EXP5_BAUD,Multi_Baud_Update,115200_Baud,1,Comm_Throughput,6723.809343593992,B/s,PASS
EXP5_BAUD,Multi_Baud_Update,115200_Baud,2,Total_Update_Time,1.3007901999990281,s,PASS
EXP5_BAUD,Multi_Baud_Update,115200_Baud,2,Comm_Write_Time,0.13184800000090036,s,PASS
EXP5_BAUD,Multi_Baud_Update,115200_Baud,2,E2E_Throughput,710.3374548798802,B/s,PASS
EXP5_BAUD,Multi_Baud_Update,115200_Baud,2,Comm_Throughput,7008.069898623341,B/s,PASS
EXP5_BAUD,Multi_Baud_Update,115200_Baud,3,Total_Update_Time,0.917065099998581,s,PASS
EXP5_BAUD,Multi_Baud_Update,115200_Baud,3,Comm_Write_Time,0.13314059999902383,s,PASS
EXP5_BAUD,Multi_Baud_Update,115200_Baud,3,E2E_Throughput,1007.5620585729735,B/s,PASS
EXP5_BAUD,Multi_Baud_Update,115200_Baud,3,Comm_Throughput,6940.031816040897,B/s,PASS
EXP5_BAUD,Multi_Baud_Update,115200_Baud,4,Total_Update_Time,1.397451299999375,s,PASS
EXP5_BAUD,Multi_Baud_Update,115200_Baud,4,Comm_Write_Time,0.1334896000007575,s,PASS
EXP5_BAUD,Multi_Baud_Update,115200_Baud,4,E2E_Throughput,661.2037213750585,B/s,PASS
EXP5_BAUD,Multi_Baud_Update,115200_Baud,4,Comm_Throughput,6921.887547754707,B/s,PASS
EXP5_BAUD,Multi_Baud_Update,115200_Baud,5,Total_Update_Time,0.9093434999995225,s,PASS
EXP5_BAUD,Multi_Baud_Update,115200_Baud,5,Comm_Write_Time,0.12458160000096541,s,PASS
EXP5_BAUD,Multi_Baud_Update,115200_Baud,5,E2E_Throughput,1016.1176717054504,B/s,PASS
EXP5_BAUD,Multi_Baud_Update,115200_Baud,5,Comm_Throughput,7416.825598586306,B/s,PASS
EXP5_BAUD,Multi_Baud_Update,115200_Baud,6,Total_Update_Time,1.3044160999997985,s,PASS
EXP5_BAUD,Multi_Baud_Update,115200_Baud,6,Comm_Write_Time,0.1298437000004924,s,PASS
EXP5_BAUD,Multi_Baud_Update,115200_Baud,6,E2E_Throughput,708.3629219235662,B/s,PASS
EXP5_BAUD,Multi_Baud_Update,115200_Baud,6,Comm_Throughput,7116.248227649829,B/s,PASS
EXP5_BAUD,Multi_Baud_Update,115200_Baud,7,Total_Update_Time,0.92205770000146,s,PASS
EXP5_BAUD,Multi_Baud_Update,115200_Baud,7,Comm_Write_Time,0.13577770000119926,s,PASS
EXP5_BAUD,Multi_Baud_Update,115200_Baud,7,E2E_Throughput,1002.1064842238582,B/s,PASS
EXP5_BAUD,Multi_Baud_Update,115200_Baud,7,Comm_Throughput,6805.2412140715205,B/s,PASS
EXP5_BAUD,Multi_Baud_Update,115200_Baud,8,Total_Update_Time,1.3018763000000035,s,PASS
EXP5_BAUD,Multi_Baud_Update,115200_Baud,8,Comm_Write_Time,0.13455750000139233,s,PASS
EXP5_BAUD,Multi_Baud_Update,115200_Baud,8,E2E_Throughput,709.74485056683,B/s,PASS
EXP5_BAUD,Multi_Baud_Update,115200_Baud,8,Comm_Throughput,6866.952789628515,B/s,PASS
EXP5_BAUD,Multi_Baud_Update,115200_Baud,9,Total_Update_Time,0.9096122000009927,s,PASS
EXP5_BAUD,Multi_Baud_Update,115200_Baud,9,Comm_Write_Time,0.12596100000155275,s,PASS
EXP5_BAUD,Multi_Baud_Update,115200_Baud,9,E2E_Throughput,1015.8175099223511,B/s,PASS
EXP5_BAUD,Multi_Baud_Update,115200_Baud,9,Comm_Throughput,7335.603877300194,B/s,PASS
EXP5_BAUD,Multi_Baud_Update,115200_Baud,10,Total_Update_Time,1.3102562999993097,s,PASS
EXP5_BAUD,Multi_Baud_Update,115200_Baud,10,Comm_Write_Time,0.13694999999643187,s,PASS
EXP5_BAUD,Multi_Baud_Update,115200_Baud,10,E2E_Throughput,705.2055387945754,B/s,PASS
EXP5_BAUD,Multi_Baud_Update,115200_Baud,10,Comm_Throughput,6746.9879519830165,B/s,PASS
EXP5_BAUD,Multi_Baud_Update,230400_Baud,1,Total_Update_Time,0.8722935000005236,s,PASS
EXP5_BAUD,Multi_Baud_Update,230400_Baud,1,Comm_Write_Time,0.08760240000265185,s,PASS
EXP5_BAUD,Multi_Baud_Update,230400_Baud,1,E2E_Throughput,1059.276493519034,B/s,PASS
EXP5_BAUD,Multi_Baud_Update,230400_Baud,1,Comm_Throughput,10547.656228277185,B/s,PASS
EXP5_BAUD,Multi_Baud_Update,230400_Baud,2,Total_Update_Time,1.2597889000026044,s,PASS
EXP5_BAUD,Multi_Baud_Update,230400_Baud,2,Comm_Write_Time,0.09078859999863198,s,PASS
EXP5_BAUD,Multi_Baud_Update,230400_Baud,2,E2E_Throughput,733.456216353462,B/s,PASS
EXP5_BAUD,Multi_Baud_Update,230400_Baud,2,Comm_Throughput,10177.489244397677,B/s,PASS
EXP5_BAUD,Multi_Baud_Update,230400_Baud,3,Total_Update_Time,0.8779611999998451,s,PASS
EXP5_BAUD,Multi_Baud_Update,230400_Baud,3,Comm_Write_Time,0.09224380000159726,s,PASS
EXP5_BAUD,Multi_Baud_Update,230400_Baud,3,E2E_Throughput,1052.4383082078832,B/s,PASS
EXP5_BAUD,Multi_Baud_Update,230400_Baud,3,Comm_Throughput,10016.933387219524,B/s,PASS
EXP5_BAUD,Multi_Baud_Update,230400_Baud,4,Total_Update_Time,1.2567931000012322,s,PASS
EXP5_BAUD,Multi_Baud_Update,230400_Baud,4,Comm_Write_Time,0.08503299999938463,s,PASS
EXP5_BAUD,Multi_Baud_Update,230400_Baud,4,E2E_Throughput,735.2045456003013,B/s,PASS
EXP5_BAUD,Multi_Baud_Update,230400_Baud,4,Comm_Throughput,10866.369527203402,B/s,PASS
EXP5_BAUD,Multi_Baud_Update,230400_Baud,5,Total_Update_Time,0.8692337000029511,s,PASS
EXP5_BAUD,Multi_Baud_Update,230400_Baud,5,Comm_Write_Time,0.08588079999753973,s,PASS
EXP5_BAUD,Multi_Baud_Update,230400_Baud,5,E2E_Throughput,1063.0052654388146,B/s,PASS
EXP5_BAUD,Multi_Baud_Update,230400_Baud,5,Comm_Throughput,10759.09865798258,B/s,PASS
EXP5_BAUD,Multi_Baud_Update,230400_Baud,6,Total_Update_Time,1.2625115000009828,s,PASS
EXP5_BAUD,Multi_Baud_Update,230400_Baud,6,Comm_Write_Time,0.09119030000147177,s,PASS
EXP5_BAUD,Multi_Baud_Update,230400_Baud,6,E2E_Throughput,731.874521538442,B/s,PASS
EXP5_BAUD,Multi_Baud_Update,230400_Baud,6,Comm_Throughput,10132.656653011198,B/s,PASS
EXP5_BAUD,Multi_Baud_Update,230400_Baud,7,Total_Update_Time,0.8762797999988834,s,PASS
EXP5_BAUD,Multi_Baud_Update,230400_Baud,7,Comm_Write_Time,0.09191610000198125,s,PASS
EXP5_BAUD,Multi_Baud_Update,230400_Baud,7,E2E_Throughput,1054.4577200126917,B/s,PASS
EXP5_BAUD,Multi_Baud_Update,230400_Baud,7,Comm_Throughput,10052.645836584485,B/s,PASS
EXP5_BAUD,Multi_Baud_Update,230400_Baud,8,Total_Update_Time,1.2637021000009554,s,PASS
EXP5_BAUD,Multi_Baud_Update,230400_Baud,8,Comm_Write_Time,0.09012740000252961,s,PASS
EXP5_BAUD,Multi_Baud_Update,230400_Baud,8,E2E_Throughput,731.1849841820326,B/s,PASS
EXP5_BAUD,Multi_Baud_Update,230400_Baud,8,Comm_Throughput,10252.1541725831,B/s,PASS
EXP5_BAUD,Multi_Baud_Update,230400_Baud,9,Total_Update_Time,0.8738207999995211,s,PASS
EXP5_BAUD,Multi_Baud_Update,230400_Baud,9,Comm_Write_Time,0.08975379999901634,s,PASS
EXP5_BAUD,Multi_Baud_Update,230400_Baud,9,E2E_Throughput,1057.4250464174193,B/s,PASS
EXP5_BAUD,Multi_Baud_Update,230400_Baud,9,Comm_Throughput,10294.828742739879,B/s,PASS
EXP5_BAUD,Multi_Baud_Update,230400_Baud,10,Total_Update_Time,1.2630114999992657,s,PASS
EXP5_BAUD,Multi_Baud_Update,230400_Baud,10,Comm_Write_Time,0.09059269999852404,s,PASS
EXP5_BAUD,Multi_Baud_Update,230400_Baud,10,E2E_Throughput,731.5847876290416,B/s,PASS
EXP5_BAUD,Multi_Baud_Update,230400_Baud,10,Comm_Throughput,10199.49731065587,B/s,PASS
EXP5_BAUD,Multi_Baud_Update,460800_Baud,1,Total_Update_Time,0.8531685000016296,s,PASS
EXP5_BAUD,Multi_Baud_Update,460800_Baud,1,Comm_Write_Time,0.0693624000014097,s,PASS
EXP5_BAUD,Multi_Baud_Update,460800_Baud,1,E2E_Throughput,1083.0217008694474,B/s,PASS
EXP5_BAUD,Multi_Baud_Update,460800_Baud,1,Comm_Throughput,13321.338361723656,B/s,PASS
EXP5_BAUD,Multi_Baud_Update,460800_Baud,2,Total_Update_Time,1.2412134000005608,s,PASS
EXP5_BAUD,Multi_Baud_Update,460800_Baud,2,Comm_Write_Time,0.06984799999918323,s,PASS
EXP5_BAUD,Multi_Baud_Update,460800_Baud,2,E2E_Throughput,744.4328267802962,B/s,PASS
EXP5_BAUD,Multi_Baud_Update,460800_Baud,2,Comm_Throughput,13228.725232086887,B/s,PASS
EXP5_BAUD,Multi_Baud_Update,460800_Baud,3,Total_Update_Time,0.8580060999993293,s,PASS
EXP5_BAUD,Multi_Baud_Update,460800_Baud,3,Comm_Write_Time,0.07159630000023753,s,PASS
EXP5_BAUD,Multi_Baud_Update,460800_Baud,3,E2E_Throughput,1076.9154205322343,B/s,PASS
EXP5_BAUD,Multi_Baud_Update,460800_Baud,3,Comm_Throughput,12905.694847316614,B/s,PASS
EXP5_BAUD,Multi_Baud_Update,460800_Baud,4,Total_Update_Time,1.2447641999970074,s,PASS
EXP5_BAUD,Multi_Baud_Update,460800_Baud,4,Comm_Write_Time,0.07295829999929992,s,PASS
EXP5_BAUD,Multi_Baud_Update,460800_Baud,4,E2E_Throughput,742.3092662869171,B/s,PASS
EXP5_BAUD,Multi_Baud_Update,460800_Baud,4,Comm_Throughput,12664.768778999323,B/s,PASS
EXP5_BAUD,Multi_Baud_Update,460800_Baud,5,Total_Update_Time,0.85429799999838,s,PASS
EXP5_BAUD,Multi_Baud_Update,460800_Baud,5,Comm_Write_Time,0.06887210000058985,s,PASS
EXP5_BAUD,Multi_Baud_Update,460800_Baud,5,E2E_Throughput,1081.5897965367496,B/s,PASS
EXP5_BAUD,Multi_Baud_Update,460800_Baud,5,Comm_Throughput,13416.172876855599,B/s,PASS
EXP5_BAUD,Multi_Baud_Update,460800_Baud,6,Total_Update_Time,1.2399050000021816,s,PASS
EXP5_BAUD,Multi_Baud_Update,460800_Baud,6,Comm_Write_Time,0.06928469999911613,s,PASS
EXP5_BAUD,Multi_Baud_Update,460800_Baud,6,E2E_Throughput,745.2183836651793,B/s,PASS
EXP5_BAUD,Multi_Baud_Update,460800_Baud,6,Comm_Throughput,13336.277706503564,B/s,PASS
EXP5_BAUD,Multi_Baud_Update,460800_Baud,7,Total_Update_Time,0.8549629000008281,s,PASS
EXP5_BAUD,Multi_Baud_Update,460800_Baud,7,Comm_Write_Time,0.07065599999987171,s,PASS
EXP5_BAUD,Multi_Baud_Update,460800_Baud,7,E2E_Throughput,1080.7486500280947,B/s,PASS
EXP5_BAUD,Multi_Baud_Update,460800_Baud,7,Comm_Throughput,13077.445652197657,B/s,PASS
EXP5_BAUD,Multi_Baud_Update,460800_Baud,8,Total_Update_Time,1.2405287999972643,s,PASS
EXP5_BAUD,Multi_Baud_Update,460800_Baud,8,Comm_Write_Time,0.06729129999803263,s,PASS
EXP5_BAUD,Multi_Baud_Update,460800_Baud,8,E2E_Throughput,744.843650548087,B/s,PASS
EXP5_BAUD,Multi_Baud_Update,460800_Baud,8,Comm_Throughput,13731.344171193225,B/s,PASS
EXP5_BAUD,Multi_Baud_Update,460800_Baud,9,Total_Update_Time,0.8519196000015654,s,PASS
EXP5_BAUD,Multi_Baud_Update,460800_Baud,9,Comm_Write_Time,0.06750349999856553,s,PASS
EXP5_BAUD,Multi_Baud_Update,460800_Baud,9,E2E_Throughput,1084.609392715348,B/s,PASS
EXP5_BAUD,Multi_Baud_Update,460800_Baud,9,Comm_Throughput,13688.179131743322,B/s,PASS
EXP5_BAUD,Multi_Baud_Update,460800_Baud,10,Total_Update_Time,1.2362243000025046,s,PASS
EXP5_BAUD,Multi_Baud_Update,460800_Baud,10,Comm_Write_Time,0.0676649000015459,s,PASS
EXP5_BAUD,Multi_Baud_Update,460800_Baud,10,E2E_Throughput,747.437176245547,B/s,PASS
EXP5_BAUD,Multi_Baud_Update,460800_Baud,10,Comm_Throughput,13655.528937143037,B/s,PASS
EXP5_BAUD,Multi_Baud_Update,921600_Baud,1,Total_Update_Time,0.8448939000008977,s,PASS
EXP5_BAUD,Multi_Baud_Update,921600_Baud,1,Comm_Write_Time,0.06058889999985695,s,PASS
EXP5_BAUD,Multi_Baud_Update,921600_Baud,1,E2E_Throughput,1093.6284425760657,B/s,PASS
EXP5_BAUD,Multi_Baud_Update,921600_Baud,1,Comm_Throughput,15250.31812761383,B/s,PASS
EXP5_BAUD,Multi_Baud_Update,921600_Baud,2,Total_Update_Time,1.2275397000012163,s,PASS
EXP5_BAUD,Multi_Baud_Update,921600_Baud,2,Comm_Write_Time,0.05668409999998403,s,PASS
EXP5_BAUD,Multi_Baud_Update,921600_Baud,2,E2E_Throughput,752.7251460780327,B/s,PASS
EXP5_BAUD,Multi_Baud_Update,921600_Baud,2,Comm_Throughput,16300.867439021884,B/s,PASS
EXP5_BAUD,Multi_Baud_Update,921600_Baud,3,Total_Update_Time,0.8434712999987823,s,PASS
EXP5_BAUD,Multi_Baud_Update,921600_Baud,3,Comm_Write_Time,0.05865610000182642,s,PASS
EXP5_BAUD,Multi_Baud_Update,921600_Baud,3,E2E_Throughput,1095.4729580026421,B/s,PASS
EXP5_BAUD,Multi_Baud_Update,921600_Baud,3,Comm_Throughput,15752.837300318786,B/s,PASS
EXP5_BAUD,Multi_Baud_Update,921600_Baud,4,Total_Update_Time,1.2963530000015453,s,PASS
EXP5_BAUD,Multi_Baud_Update,921600_Baud,4,Comm_Write_Time,0.05967800000144052,s,PASS
EXP5_BAUD,Multi_Baud_Update,921600_Baud,4,E2E_Throughput,712.7688214544175,B/s,PASS
EXP5_BAUD,Multi_Baud_Update,921600_Baud,4,Comm_Throughput,15483.09259656316,B/s,PASS
EXP5_BAUD,Multi_Baud_Update,921600_Baud,5,Total_Update_Time,0.8445385999984865,s,PASS
EXP5_BAUD,Multi_Baud_Update,921600_Baud,5,Comm_Write_Time,0.06114009999873815,s,PASS
EXP5_BAUD,Multi_Baud_Update,921600_Baud,5,E2E_Throughput,1094.0885354460481,B/s,PASS
EXP5_BAUD,Multi_Baud_Update,921600_Baud,5,Comm_Throughput,15112.831022832317,B/s,PASS
EXP5_BAUD,Multi_Baud_Update,921600_Baud,6,Total_Update_Time,1.3117786000002525,s,PASS
EXP5_BAUD,Multi_Baud_Update,921600_Baud,6,Comm_Write_Time,0.053549299998849165,s,PASS
EXP5_BAUD,Multi_Baud_Update,921600_Baud,6,E2E_Throughput,704.3871580157064,B/s,PASS
EXP5_BAUD,Multi_Baud_Update,921600_Baud,6,Comm_Throughput,17255.127518377605,B/s,PASS
EXP5_BAUD,Multi_Baud_Update,921600_Baud,7,Total_Update_Time,0.8289385999996739,s,PASS
EXP5_BAUD,Multi_Baud_Update,921600_Baud,7,Comm_Write_Time,0.060519700000440935,s,PASS
EXP5_BAUD,Multi_Baud_Update,921600_Baud,7,E2E_Throughput,1114.6784574881221,B/s,PASS
EXP5_BAUD,Multi_Baud_Update,921600_Baud,7,Comm_Throughput,15267.755788499744,B/s,PASS
EXP5_BAUD,Multi_Baud_Update,921600_Baud,8,Total_Update_Time,1.2304849000029208,s,PASS
EXP5_BAUD,Multi_Baud_Update,921600_Baud,8,Comm_Write_Time,0.06078399999751127,s,PASS
EXP5_BAUD,Multi_Baud_Update,921600_Baud,8,E2E_Throughput,750.9234774013129,B/s,PASS
EXP5_BAUD,Multi_Baud_Update,921600_Baud,8,Comm_Throughput,15201.368781880627,B/s,PASS
EXP5_BAUD,Multi_Baud_Update,921600_Baud,9,Total_Update_Time,0.8395186999987345,s,PASS
EXP5_BAUD,Multi_Baud_Update,921600_Baud,9,Comm_Write_Time,0.05492709999816725,s,PASS
EXP5_BAUD,Multi_Baud_Update,921600_Baud,9,E2E_Throughput,1100.6306351501078,B/s,PASS
EXP5_BAUD,Multi_Baud_Update,921600_Baud,9,Comm_Throughput,16822.297190837147,B/s,PASS
EXP5_BAUD,Multi_Baud_Update,921600_Baud,10,Total_Update_Time,1.3144900999977835,s,PASS
EXP5_BAUD,Multi_Baud_Update,921600_Baud,10,Comm_Write_Time,0.05380710000099498,s,PASS
EXP5_BAUD,Multi_Baud_Update,921600_Baud,10,E2E_Throughput,702.9341643589084,B/s,PASS
EXP5_BAUD,Multi_Baud_Update,921600_Baud,10,Comm_Throughput,17172.454935926926,B/s,PASS
EXP6_CHUNK,Chunk_Size_Eval,64B,1,Comm_Time,0.14583510000011302,s,PASS
EXP6_CHUNK,Chunk_Size_Eval,64B,1,Throughput,6335.923244810639,B/s,PASS
EXP6_CHUNK,Chunk_Size_Eval,64B,2,Comm_Time,0.1496103999998013,s,PASS
EXP6_CHUNK,Chunk_Size_Eval,64B,2,Throughput,6176.041237783116,B/s,PASS
EXP6_CHUNK,Chunk_Size_Eval,64B,3,Comm_Time,0.14693809999880614,s,PASS
EXP6_CHUNK,Chunk_Size_Eval,64B,3,Throughput,6288.3622423830675,B/s,PASS
EXP6_CHUNK,Chunk_Size_Eval,64B,4,Comm_Time,0.1507342000004428,s,PASS
EXP6_CHUNK,Chunk_Size_Eval,64B,4,Throughput,6129.995714292348,B/s,PASS
EXP6_CHUNK,Chunk_Size_Eval,64B,5,Comm_Time,0.14778279999882216,s,PASS
EXP6_CHUNK,Chunk_Size_Eval,64B,5,Throughput,6252.4190907694565,B/s,PASS
EXP6_CHUNK,Chunk_Size_Eval,64B,6,Comm_Time,0.15013550000003306,s,PASS
EXP6_CHUNK,Chunk_Size_Eval,64B,6,Throughput,6154.440488757133,B/s,PASS
EXP6_CHUNK,Chunk_Size_Eval,64B,7,Comm_Time,0.14563360000101966,s,PASS
EXP6_CHUNK,Chunk_Size_Eval,64B,7,Throughput,6344.689686950886,B/s,PASS
EXP6_CHUNK,Chunk_Size_Eval,64B,8,Comm_Time,0.15196770000329707,s,PASS
EXP6_CHUNK,Chunk_Size_Eval,64B,8,Throughput,6080.239419165738,B/s,PASS
EXP6_CHUNK,Chunk_Size_Eval,64B,9,Comm_Time,0.15087290000155917,s,PASS
EXP6_CHUNK,Chunk_Size_Eval,64B,9,Throughput,6124.360305863088,B/s,PASS
EXP6_CHUNK,Chunk_Size_Eval,64B,10,Comm_Time,0.15110849999837228,s,PASS
EXP6_CHUNK,Chunk_Size_Eval,64B,10,Throughput,6114.811542765319,B/s,PASS
EXP6_CHUNK,Chunk_Size_Eval,128B,1,Comm_Time,0.13180169999759528,s,PASS
EXP6_CHUNK,Chunk_Size_Eval,128B,1,Throughput,7010.531730750501,B/s,PASS
EXP6_CHUNK,Chunk_Size_Eval,128B,2,Comm_Time,0.13364659999933792,s,PASS
EXP6_CHUNK,Chunk_Size_Eval,128B,2,Throughput,6913.75613000688,B/s,PASS
EXP6_CHUNK,Chunk_Size_Eval,128B,3,Comm_Time,0.1356725000005099,s,PASS
EXP6_CHUNK,Chunk_Size_Eval,128B,3,Throughput,6810.517975245738,B/s,PASS
EXP6_CHUNK,Chunk_Size_Eval,128B,4,Comm_Time,0.13554320000184816,s,PASS
EXP6_CHUNK,Chunk_Size_Eval,128B,4,Throughput,6817.014796665572,B/s,PASS
EXP6_CHUNK,Chunk_Size_Eval,128B,5,Comm_Time,0.13761840000006487,s,PASS
EXP6_CHUNK,Chunk_Size_Eval,128B,5,Throughput,6714.218447530014,B/s,PASS
EXP6_CHUNK,Chunk_Size_Eval,128B,6,Comm_Time,0.13309300000037183,s,PASS
EXP6_CHUNK,Chunk_Size_Eval,128B,6,Throughput,6942.513881251595,B/s,PASS
EXP6_CHUNK,Chunk_Size_Eval,128B,7,Comm_Time,0.13181339999937336,s,PASS
EXP6_CHUNK,Chunk_Size_Eval,128B,7,Throughput,7009.909462955911,B/s,PASS
EXP6_CHUNK,Chunk_Size_Eval,128B,8,Comm_Time,0.13052150000294205,s,PASS
EXP6_CHUNK,Chunk_Size_Eval,128B,8,Throughput,7079.293449578593,B/s,PASS
EXP6_CHUNK,Chunk_Size_Eval,128B,9,Comm_Time,0.1328216000001703,s,PASS
EXP6_CHUNK,Chunk_Size_Eval,128B,9,Throughput,6956.699813876774,B/s,PASS
EXP6_CHUNK,Chunk_Size_Eval,128B,10,Comm_Time,0.13555880000058096,s,PASS
EXP6_CHUNK,Chunk_Size_Eval,128B,10,Throughput,6816.230300032458,B/s,PASS
EXP6_CHUNK,Chunk_Size_Eval,200B,1,Comm_Time,0.12504749999789055,s,PASS
EXP6_CHUNK,Chunk_Size_Eval,200B,1,Throughput,7389.192107123989,B/s,PASS
EXP6_CHUNK,Chunk_Size_Eval,200B,2,Comm_Time,0.12308849999681115,s,PASS
EXP6_CHUNK,Chunk_Size_Eval,200B,2,Throughput,7506.793892393993,B/s,PASS
EXP6_CHUNK,Chunk_Size_Eval,200B,3,Comm_Time,0.13245129999995697,s,PASS
EXP6_CHUNK,Chunk_Size_Eval,200B,3,Throughput,6976.148969472554,B/s,PASS
EXP6_CHUNK,Chunk_Size_Eval,200B,4,Comm_Time,0.12476790000073379,s,PASS
EXP6_CHUNK,Chunk_Size_Eval,200B,4,Throughput,7405.750998410374,B/s,PASS
EXP6_CHUNK,Chunk_Size_Eval,200B,5,Comm_Time,0.1249329000020225,s,PASS
EXP6_CHUNK,Chunk_Size_Eval,200B,5,Throughput,7395.970156660428,B/s,PASS
EXP6_CHUNK,Chunk_Size_Eval,200B,6,Comm_Time,0.1293115000007674,s,PASS
EXP6_CHUNK,Chunk_Size_Eval,200B,6,Throughput,7145.536166501173,B/s,PASS
EXP6_CHUNK,Chunk_Size_Eval,200B,7,Comm_Time,0.12468440000156988,s,PASS
EXP6_CHUNK,Chunk_Size_Eval,200B,7,Throughput,7410.710561933699,B/s,PASS
EXP6_CHUNK,Chunk_Size_Eval,200B,8,Comm_Time,0.12599300000147196,s,PASS
EXP6_CHUNK,Chunk_Size_Eval,200B,8,Throughput,7333.740763290064,B/s,PASS
EXP6_CHUNK,Chunk_Size_Eval,200B,9,Comm_Time,0.1290056000034383,s,PASS
EXP6_CHUNK,Chunk_Size_Eval,200B,9,Throughput,7162.4797681292375,B/s,PASS
EXP6_CHUNK,Chunk_Size_Eval,200B,10,Comm_Time,0.1280642000019725,s,PASS
EXP6_CHUNK,Chunk_Size_Eval,200B,10,Throughput,7215.131160666043,B/s,PASS
EXP7_SIZE,Size_Scaling,Small_924B,1,Total_Update_Time,0.9162881000011112,s,PASS
EXP7_SIZE,Size_Scaling,Small_924B,1,E2E_Throughput,1008.4164576609469,B/s,PASS
EXP7_SIZE,Size_Scaling,Medium_8KB,1,Total_Update_Time,1.9575225999979011,s,PASS
EXP7_SIZE,Size_Scaling,Medium_8KB,1,E2E_Throughput,4184.881441475457,B/s,PASS
EXP7_SIZE,Size_Scaling,Large_32KB,1,Total_Update_Time,5.429388000000472,s,PASS
EXP7_SIZE,Size_Scaling,Large_32KB,1,E2E_Throughput,6035.302689731725,B/s,PASS
EXP8_ROLLBACK,Rollback_Latency,Alternating_Slots,1,Rollback_Time,252.89909999992233,ms,PASS
EXP8_ROLLBACK,Rollback_Latency,Alternating_Slots,2,Rollback_Time,252.54320000021835,ms,PASS
EXP8_ROLLBACK,Rollback_Latency,Alternating_Slots,3,Rollback_Time,252.79560000126367,ms,PASS
EXP8_ROLLBACK,Rollback_Latency,Alternating_Slots,4,Rollback_Time,252.13450000228477,ms,PASS
EXP8_ROLLBACK,Rollback_Latency,Alternating_Slots,5,Rollback_Time,252.11519999720622,ms,PASS
EXP8_ROLLBACK,Rollback_Latency,Alternating_Slots,6,Rollback_Time,252.81469999754336,ms,PASS
EXP8_ROLLBACK,Rollback_Latency,Alternating_Slots,7,Rollback_Time,252.69739999930607,ms,PASS
EXP8_ROLLBACK,Rollback_Latency,Alternating_Slots,8,Rollback_Time,252.60110000090208,ms,PASS
EXP8_ROLLBACK,Rollback_Latency,Alternating_Slots,9,Rollback_Time,252.73830000151065,ms,PASS
EXP8_ROLLBACK,Rollback_Latency,Alternating_Slots,10,Rollback_Time,253.45889999880455,ms,PASS
EXP8_ROLLBACK,Rollback_Latency,Alternating_Slots,11,Rollback_Time,252.30939999892144,ms,PASS
EXP8_ROLLBACK,Rollback_Latency,Alternating_Slots,12,Rollback_Time,252.74010000066482,ms,PASS
EXP8_ROLLBACK,Rollback_Latency,Alternating_Slots,13,Rollback_Time,252.23949999781325,ms,PASS
EXP8_ROLLBACK,Rollback_Latency,Alternating_Slots,14,Rollback_Time,252.54990000030375,ms,PASS
EXP8_ROLLBACK,Rollback_Latency,Alternating_Slots,15,Rollback_Time,251.84599999920465,ms,PASS
EXP8_ROLLBACK,Rollback_Latency,Alternating_Slots,16,Rollback_Time,252.78849999813247,ms,PASS
EXP8_ROLLBACK,Rollback_Latency,Alternating_Slots,17,Rollback_Time,252.60419999904116,ms,PASS
EXP8_ROLLBACK,Rollback_Latency,Alternating_Slots,18,Rollback_Time,252.7494999994815,ms,PASS
EXP8_ROLLBACK,Rollback_Latency,Alternating_Slots,19,Rollback_Time,252.54399999903399,ms,PASS
EXP8_ROLLBACK,Rollback_Latency,Alternating_Slots,20,Rollback_Time,252.85660000008647,ms,PASS
EXP8_ROLLBACK,Rollback_Latency,Alternating_Slots,21,Rollback_Time,262.85529999950086,ms,PASS
EXP8_ROLLBACK,Rollback_Latency,Alternating_Slots,22,Rollback_Time,252.09080000058748,ms,PASS
EXP8_ROLLBACK,Rollback_Latency,Alternating_Slots,23,Rollback_Time,252.5722999998834,ms,PASS
EXP8_ROLLBACK,Rollback_Latency,Alternating_Slots,24,Rollback_Time,252.77449999703094,ms,PASS
EXP8_ROLLBACK,Rollback_Latency,Alternating_Slots,25,Rollback_Time,251.52970000272035,ms,PASS
EXP8_ROLLBACK,Rollback_Latency,Alternating_Slots,26,Rollback_Time,252.34459999774117,ms,PASS
EXP8_ROLLBACK,Rollback_Latency,Alternating_Slots,27,Rollback_Time,252.73650000235648,ms,PASS
EXP8_ROLLBACK,Rollback_Latency,Alternating_Slots,28,Rollback_Time,252.94050000229618,ms,PASS
EXP8_ROLLBACK,Rollback_Latency,Alternating_Slots,29,Rollback_Time,252.52249999903142,ms,PASS
EXP8_ROLLBACK,Rollback_Latency,Alternating_Slots,30,Rollback_Time,252.79600000067148,ms,PASS
EXP9_FAULT,Fault_Injection,FAULT_1_CORRUPT_PAYLOAD,1,Fault_Detected,1,binary,PASS
EXP9_FAULT,Fault_Injection,FAULT_2_WRONG_CRC,1,Fault_Detected,1,binary,PASS
EXP9_FAULT,Fault_Injection,FAULT_3_INVALID_CMD,1,Fault_Detected,1,binary,PASS
EXP9_FAULT,Fault_Injection,FAULT_4_SHORT_LEN,1,Fault_Detected,1,binary,PASS
EXP9_FAULT,Fault_Injection,FAULT_5_INVALID_SLOT_ID,1,Fault_Detected,1,binary,PASS
EXP9_FAULT,Fault_Injection,FAULT_6_EMPTY_SLOT_ROLLBACK,1,Fault_Detected,1,binary,PASS
